00B-C,GLY
00B-SG3,MET
00B-CG2,ALA
00E-C,GLY
00E-CE1,THR
00E-CD2,ALA
00E-CE2,ALA
01N-C2,GLY
01N-C,GAN
01N-CD1,ILE
01N-CE2,ALA
01N-CD2,ALA
021-C14,GLY
021-C20,ILE
021-C18,ALA
02A-C,GLY
02A-C27,ALA
02A-C26,ALA
02K-C,GLY
02K-CG,ILE
02K-CH,ALA
02L-C,GLY
02L-CG,ASN
02L-C37,LEU
02L-C38,ALA
02Q-C28,GAN
02Q-C33,PHE
02U-C,GAN
02U-C3,ILE
02U-C6,ALA
02U-C7,ALA
02U-C9,ILE
02U-C14,ILE
037-CBF,VAL
037-C,GLY
037-CG,VAL
03E-C,GLY
03E-CAQ,ILE
03E-CAR,ALA
03E-CAT,ALA
03Y-SG,CYS
03Y-C,GLY
03Y-CM,ALA
04Q-C,GLY
04Q-C16,PHE
060-C,GLY
060-S,CYS
060-C1,ALA
06D-O18,SER
06D-C14,PHE
06D-C02,GLN
06D-C23,VAL
08O-C1,GAN
08O-C5,ILE
08O-C10,ILE
08O-C12,ALA
08O-C13,ALA
08O-C16,ILE
08O-C20,ILE
08O-C22,ALA
09U-O1,SER
09U-C2,VAL
09U-C3,ALA
09V-C1,THR
09V-C3,ALA
09V-C4,ALA
0A1-C,GLY
0A1-CG,PHE
0A1-OH,SER
0A9-C,GLY
0A9-CG,PHE
0A9-CM,ALA
0AA-C,GLY
0AA-CB,VAL
0AA-C1,ALA
0AB-C,GLY
0AB-CB,VAL
0AB-C1,ALA
0AJ-CA,ALA
0AJ-S,MET
0AJ-SG,CYS
0EH-C,GLY
0EH-CAA,ALA
0EH-CAP,ILE
0EH-CAS,VAL
0HZ-NE,ARG
0HZ-C1,ASN
0HZ-C,GLN
0HZ-CG,ALA
0HZ-CD,ALA
0IL-C1E,GAN
0IL-C5E,ILE
0IL-C1F,GAN
0IL-C9E,VAL
0IL-C2S,ILE
0IL-C3T,ILE
0IL-C8F,ILE
0IL-C5F,VAL
0JY-C,GLY
0JY-CAI,LEU
0JY-CAA,ALA
0L1-C2,GAN
0L1-C7,GAN
0LF-C,GLY
0LF-CG,VAL
0LF-C27,THR
0LF-C29,ALA
0LF-C31,PHE
0PA-C1,GAN
0PA-C5,ILE
0PZ-C2,ILE
0PZ-O,SER
0PZ-C6,ALA
0UO-C,GLY
0UO-O3,SER
0UO-C18,TRP
0VK-O49,SER
0VK-O53,SER
0VK-C5,PHE
0VK-C14,TYR
0VK-C11,PHE
0VK-C22,ALA
0VK-C23,ALA
0VK-C24,THR
0VK-C29,ALA
0VK-C26,ALA
0VK-C28,ALA
0VP-C27,ALA
0VP-O49,SER
0VP-O53,SER
0VP-C5,PHE
0VP-C17,TYR
0VP-C11,PHE
0VP-C24,THR
0VP-C29,ALA
0VP-C22,ALA
0VP-C23,ALA
0VP-C26,ALA
0VP-C28,ALA
0XL-C,GLY
0XL-CAZ,ALA
0XL-CBE,ALA
0XL-CBA,ALA
0XL-CBD,ALA
0Y9-C,GLY
0Y9-C22,VAL
0Y9-C25,ALA
10A-C3,ILE
10A-C7,ILE
10A-C9,ALA
10A-N1,CHL
10A-C15,ILE
10A-C20,ILE
10A-C22,ALA
11A-CAM,GAN
11A-CAE,ILE
11A-CAI,ILE
11C-C,GLY
11C-CB,ALA
11C-CAI,GAN
11Q-C,GLY
11Q-CG,VAL
11Q-C1,LEU
11Q-C4,VAL
11Z-C17,GAN
11Z-C13,ILE
11Z-C9,ILE
11Z-C7,ILE
11Z-C1,ALA
11Z-C2,ALA
12H-C12,GAN
12H-C1,THR
12H-C4,ILE
12H-C8,VAL
12L-C24,VAL
12L-C27,GLY
12L-C23,VAL
12M-CAH,ALA
12M-CAA,PHE
12M-OAJ,SER
144-O2,SER
144-O3,SER
144-N,ETA
144-O4,SER
14Y-C1,GAN
14Y-CA4,ALA
14Y-C5,ILE
14Y-C8,ALA
14Y-C9,ALA
14Y-C11,ILE
14Y-C16,ILE
14Y-C18,ALA
16A-C3,ILE
16A-C6,ILE
16A-C10,ILE
16A-C14,VAL
16A-N1,CHL
16C-C19,GLN
16C-C1,THR
16C-C24,ILE
16C-C3,THR
16C-C28,ILE
16C-C7,ILE
16C-C31,ILE
16C-C34,ALA
16C-C10,ILE
16C-C14,ILE
16C-C17,ALA
16C-C18,ALA
16N-C6,PHE
16N-C8,ALA
16N-C9,ALA
16P-C2,THR
16P-C4,THR
16P-C6,THR
16P-C8,THR
16P-C10,THR
16P-C12,THR
16P-C13,ALA
16P-C14,ALA
16Y-C17,GAN
16Y-C8,THR
16Y-C13,ILE
16Y-C1,ILE
16Y-C5,VAL
18A-C3,GLN
18A-C9,PHE
18A-C15,TYR
18A-C19,ALA
18A-C21,ALA
18C-C19,GLN
18C-C1,THR
18C-C24,ILE
18C-C3,THR
18C-C27,ILE
18C-C7,ILE
18C-C32,ILE
18C-C35,VAL
18C-C11,ILE
18C-C14,ILE
18C-C17,ALA
18C-C18,ALA
192-C,GLY
192-CG,VAL
1AC-C,GLY
1AC-CB,ALA
1AC-CG,ALA
1AR-CO4,EST
1AR-C1,THR
1AR-C3,THR
1AR-C5,THR
1BO-C4,THR
1BO-C1,ALA
1BO-C2,ALA
1C3-O2,SER
1C3-C3,PHE
1C3-O20,SER
1C3-O1,SER
1C3-C,GLY
1C3-CG,VAL
1DO-C1,THR
1DO-C5,ILE
1DO-C9,ILE
1DO-C11,ALA
1DO-C12,ALA
1EX-CAH,VAL
1EX-CAD,ALA
1EX-CAE,ALA
1EX-CAC,THR
1EX-CAJ,ILE
1EX-CAO,ILE
1EX-CAK,ALA
1GL-C1,THR
1GL-C3,THR
1GL-O4,SER
1GL-C5,THR
1HC-C3,ALA
1HC-C1,ASN
1IC-C,GLY
1IC-CB,ALA
1IC-C08,GAN
1IC-C12,ILE
1IC-C15,ALA
1K4-C,GAN
1K4-OAD,SER
1K4-CAQ,GLN
1K4-CAJ,ILE
1K4-CAF,VAL
1ME-SAM,MET
1ME-CAP,GLY
1MI-C4,THR
1MI-O,SER
1MI-C3,THR
1OP-C,GLY
1OP-C11,THR
1OP-CZ,TYR
1OP-C08,VAL
1P3-C10,ASN
1P3-C2,ALA
1P3-C5,ILE
1P3-C20,ALA
1PB-C1,PHE
1PB-CG,PHE
1PB-CB,ALA
1PB-CC,ALA
1PG-O1,SER
1PG-C3,THR
1PG-C5,THR
1PG-C7,THR
1PG-C9,THR
1PG-C11,THR
1TX-C,GLY
1TX-C25,GAN
1TX-C26,ALA
1TX-C21,ALA
1TX-C22,ALA
1U5-C01,ALA
1U5-C09,GAN
1U5-C03,ALA
1U5-C13,GAN
1U5-C06,ALA
1U5-C07,ALA
1X0-C17,GLY
1X0-C1,ALA
1X0-C25,ILE
1X0-C28,ALA
23P-C,GLY
23P-CB,ALA
23P-CD,GLN
243-CAA,GAN
243-CAJ,ALA
243-CAF,ILE
243-CAK,ALA
243-CAH,ALA
243-CAI,ALA
243-CAM,THR
243-CAO,ILE
243-CAR,ALA
266-CAC,VAL
266-SAG,CYS
266-OAB,SER
27L-CAL,TYR
27L-CAD,ALA
27L-CAE,ALA
27L-CAN,LEU
27L-CAB,ALA
28J-C,GLY
28J-CB,ILE
29N-C2,ALA
29N-C13,GLN
29N-C4,ALA
29N-C7,GLN
29N-C10,GLN
29N-C6,ALA
2AG-C1A,ALA
2AG-C,GLY
2AG-C1E,ALA
2AG-CB,ALA
2AS-C,GLY
2AS-CG,GAN
2ED-C18,ASN
2ED-C,THR
2ED-C2,THR
2ED-C5,ILE
2ED-C13,ILE
2ED-C16,ILE
2ED-C191,ALA
2ED-C20,ALA
2EH-C7,THR
2EH-CCA,ILE
2EH-C8,ALA
2EH-C9,ALA
2F2-O,SER
2F2-C,ALA
2GL-CO4,EST
2GL-C3,THR
2GL-C5,THR
2GL-O1,SER
2IL-C1,GAN
2IL-C15,GAN
2IL-C6,ILE
2IL-C20,ILE
2IL-C9,ILE
2IL-C13,VAL
2IL-C24,ILE
2IL-C26,ALA
2IO-C9,VAL
2IO-C6,GLN
2IO-C2,VAL
2IO-C12,GLN
2IQ-C,GLY
2IQ-CE,ILE
2IQ-CH,ALA
2IQ-CT,ALA
2JC-C,GLY
2JC-C1,ALA
2JC-C3,ALA
2JH-C,GLY
2JH-CG,LEU
2JH-CE,ALA
2JN-C,GLY
2JN-CAA,ALA
2JN-CAM,ILE
2JT-C02,GAN
2JT-C12,ILE
2JT-C05,THR
2JT-O08,SER
2JT-C16,ILE
2JT-C20,ILE
2JT-C24,VAL
2KY-C,GLY
2KY-C34,ILE
2KY-C37,ALA
2LE-C1,THR
2LE-C4,THR
2LE-C6,ILE
2LE-C9,ALA
2ME-CB',THR
2ME-CD',ALA
2ML-C,GLY
2ML-CG,LEU
2ML-CB2,ALA
2MM-SD,MET
2MM-C,GLY
2MM-CN2,ALA
2MM-CN1,ALA
2MP-C1,TYR
2MP-C8,ALA
2MT-C,GLY
2MT-SG,MET
2MT-CD3,ALA
2PI-C,GLY
2PI-CG,VAL
2PP-C1,GAN
2PP-C2',VAL
2PP-C4,ALA
2PP-C5,ALA
2QD-C,GLY
2QD-CAA,ALA
2QD-CD2,GAN
2QD-CAN,GLN
2QE-C,GLY
2QE-CD2,GAN
2QE-CAN,GAN
2QE-CAA,ALA
2QZ-C,GLY
2QZ-CN1,ALA
2QZ-CN2,ALA
2QZ-CB,THR
2TL-C,GLY
2TL-CB,THR
2TQ-C,GAN
2TQ-CG,ALA
2TQ-CD,ALA
2TQ-CAH,ASN
2UI-C6,THR
2UI-C4,THR
2UI-C27,THR
2UI-C28,ALA
2UI-C29,ALA
2UI-C1,LEU
2UI-C10,ILE
2UI-C25,ALA
2UI-C21,ILE
2UI-C13,ILE
2UI-C18,ILE
2UI-C20,ALA
2WV-C6,THR
2WV-C4,THR
2WV-C27,THR
2WV-C28,ALA
2WV-C29,ALA
2WV-C1,LEU
2WV-C9,ILE
2WV-C25,ALA
2WV-C21,ILE
2WV-C13,ILE
2WV-C18,ILE
2WV-C20,ALA
32M-CAD,THR
32M-CAL,THR
32M-CAP,THR
32M-CAT,THR
32M-CAS,THR
32M-CAO,THR
32M-CAK,THR
32M-CAE,ILE
32M-CAG,ALA
32M-CAH,ALA
33D-C1,THR
33D-C3,LEU
33X-CM,ALA
33X-C,GLY
33X-CB,ALA
38A-O4,SER
38A-CAB,PHE
38A-CAI,ALA
38A-O2,SER
38A-CAH,ALA
38A-O1,SER
3A0-C,GLY
3A0-C34,ILE
3A0-C35,ALA
3AR-C,GLY
3AR-NE,ARG
3AR-C2,VAL
3BY-CN,ALA
3BY-C,GLY
3BY-CG,VAL
3C7-C09,GLY
3C7-S01,CYS
3C7-S13,MET
3C7-S04,CYS
3GY-CAI,PHE
3GY-CAB,ALA
3GY-CAA,ALA
3GY-CAH,ALA
3GZ-CAL,PHE
3GZ-CAH,ILE
3GZ-CAJ,ALA
3H0-CAI,PHE
3H0-CAA,ALA
3H0-CAG,ALA
3H2-CAG,ILE
3H2-CAK,PHE
3IB-C9,TRP
3IB-C13,GAN
3IM-C8,LEU
3IM-C6,TYR
3IM-C9,LEU
3IV-C16,GAN
3IV-C12,ILE
3IV-C03,ILE
3IV-C05,ALA
3IV-C07,ILE
3K4-C,GLY
3K4-C5,ALA
3K4-C7,ALA
3KS-C15,ASN
3KS-C14,GLY
3KS-C2,GLN
3KS-C4,GAN
3KS-C7,ASN
3KS-C9,GAN
3KS-C11,ALA
3KS-C12,ALA
3MD-C,GLY
3MD-CG,GAN
3MM-CAJ,GAN
3MM-SAI,CYS
3MM-CAG,ALA
3MM-NAL,ETA
3MM-CAC,ALA
3MM-CAD,ALA
3MV-CAI,ILE
3MV-CAC,ALA
3MV-CAG,ILE
3MV-CAE,ALA
3MV-CAD,ALA
3O3-C5,GLY
3O3-C11,GLY
3O3-C12,GAN
3O3-C6,ALA
3O3-C7,ALA
3OG-CAC,EST
3OG-CAT,GAN
3OG-CAK,ILE
3OG-CAF,ALA
3OG-CAG,ALA
3OG-CAO,ILE
3OG-CAQ,ALA
3OG-CAR,ALA
3OL-C1,ALA
3OL-C3,THR
3OL-C6,ILE
3OL-C8,ALA
3OM-C1,ALA
3OM-C3,THR
3OM-C6,ILE
3OM-C8,ALA
3P8-N1,ETA
3PA-C8A,GAN
3PA-C3A,ILE
3PA-C5A,ALA
3PK-CA1,GAN
3PK-CA4,ALA
3PK-CA5,ALA
3PK-CB1,GAN
3PK-CB5,VAL
3PK-CG2,VAL
3PM-C,GLY
3PM-O12,SER
3PM-C13,LEU
3PX-C,GLY
3PX-CG,VAL
3PX-CB2,THR
3PX-CB4,ALA
3R9-C,GLY
3R9-SAC,CYS
3R9-SAH,MET
3R9-SAG,CYS
3RL-OAM,SER
3RL-CAQ,PHE
3RL-OAN,SER
3RL-CAO,TYR
3SY-C3,THR
3SY-O6,SER
3SY-O8,SER
3SY-O9,SER
3WS-CB,ALA
3WS-C,GLY
3WS-C37,ALA
3WS-C38,ALA
3WX-C39,ALA
3WX-CG,VAL
3WX-C,GLY
3YM-C,GLY
3YM-OAM,SER
3YM-CAK,TYR
3ZS-C05,THR
3ZS-C03,VAL
40F-C,GLY
40F-C4,GAN
40F-C2,ALA
40F-C7,ALA
40F-C6,ALA
40H-C9,GLY
40H-C8,GAN
40H-C2,ALA
40H-C,ALA
40H-C7,ALA
40H-C6,ALA
40H-C5,ALA
40S-C04,THR
40S-C07,THR
40S-C01,ALA
40S-C02,ALA
41H-C,GLY
41H-CG,PHE
41H-CW,ALA
41K-CAE,GAN
41K-C,GLY
41K-SAK,CYS
42Y-C,GLY
42Y-CB,ALA
42Y-C1A,GAN
432-C,GLY
432-C2,ALA
432-C1A,GAN
432-CB,ALA
449-CAH,GAN
449-NAK,CHL
449-CAD,ALA
459-CAR,THR
459-OAH,SER
459-CAA,TYR
459-CAK,ILE
459-CAQ,ALA
459-CAP,ALA
459-CAO,ALA
45V-C5,ASN
45V-C7,ALA
45V-C2,ALA
45V-C15,ALA
45V-C1,GLN
45V-C9,PHE
47L-C,GLN
47L-C9,ILE
47L-C2,ILE
47L-O1,SER
47T-C7,GLN
47T-C11,THR
47T-C4,VAL
47T-C1,LEU
484-O49,SER
484-O53,SER
484-C5,PHE
484-C14,PHE
484-C8,ALA
484-C11,PHE
484-C24,THR
484-C29,ALA
484-C22,ALA
484-C23,ALA
484-C26,ALA
484-C28,ALA
49Q-C9,PHE
49Q-C1,TYR
49Q-C16,THR
4DX-C1,ALA
4DX-C7,THR
4DX-C4,ILE
4DY-C22,GLN
4DY-C4,TYR
4DY-O12,SER
4DY-C38,LEU
4DY-C33,VAL
4E6-C11,ALA
4E6-C3,ILE
4E6-C12,ALA
4E6-C7,ILE
4E6-C14,VAL
4E6-C16,ALA
4E6-C9,ALA
4E6-C10,ALA
4FU-C7,GAN
4FU-C,GAN
4FU-C11,ALA
4FU-C12,ALA
4HA-CB,THR
4HA-CD,ALA
4HA-NZ,ETA
4HD-C1,GAN
4HD-C4,THR
4HD-C6,ALA
4HD-C7,ALA
4HD-C9,VAL
4HD-C12,VAL
4HD-C15,VAL
4HD-C18,VAL
4HD-C21,VAL
4I1-C1,GAN
4I1-C5,VAL
4I1-C8,ILE
4I1-C12,ILE
4I1-C16,ILE
4IC-C02,GAN
4IC-C08,HIE
4IF-C1,GAN
4IF-C16,ILE
4IF-C13,VAL
4IF-C5,ILE
4IF-C10,ILE
4KY-C43,ASN
4KY-C,GAN
4KY-C12,ALA
4KY-CG,THR
4KY-C15,ILE
4KY-C18,VAL
4L0-C41,ASN
4L0-C,GAN
4L0-CG,THR
4L0-C15,ILE
4L0-C13,ALA
4L0-C12,ALA
4M4-C10,ALA
4M4-C3,TYR
4M4-O1,SER
4MM-C,GAN
4MM-SAI,CYS
4MM-CAG,ALA
4MM-N,ETA
4MM-CAC,ALA
4MM-CAD,ALA
4MV-C,GAN
4MV-CG,VAL
4MZ-CG,HIE
4N3-C,GAN
4N3-CG1,ALA
4N3-CG2,ALA
4N3-CO1,GLN
4N3-CH,ILE
4N3-CK,ALA
4OA-C24,GAN
4OA-C3,THR
4OA-C17,ILE
4OA-C18,ALA
4OA-C14,ILE
4OA-C1,ALA
4OA-C11,ILE
4OA-C19,ALA
4OA-C6,ILE
4OU-C19,ALA
4OU-C16,ASN
4OU-C9,PHE
4OU-C,GLY
4PA-CAI,EST
4PA-CAE,ALA
4PA-CAA,ALA
4PH-C,GLY
4PH-CG,PHE
4PH-C33,ALA
4Q8-C02,HID
4Q8-C08,PHE
4QM-C23,ILE
4QM-C21,ALA
4QM-C13,THR
4QM-C17,THR
4QM-C4,THR
4QM-C15,ILE
4QM-C11,ALA
4QM-C6,ILE
4QM-C8,VAL
4QM-C10,ALA
4SJ-C,GLY
4SJ-CN,ALA
4SJ-CG,PHE
4SJ-CB1,ALA
4SJ-CB2,ALA
4TX-C12,PHE
4TX-C14,ALA
4TX-C6,THR
4TX-C,GAN
4TX-C3,ALA
4TX-C4,ALA
4VP-C2,ALA
4VP-C3',TYR
4WQ-C,GLY
4WQ-CG,ILE
4WQ-CZ,LEU
4XW-C15,GAN
4XW-C20,ALA
4XW-C10,ILE
4XW-C19,ALA
4XW-C1,LEU
4XW-C5,ILE
4XW-C18,ALA
4XW-C7,ALA
4XW-C8,ALA
52A-C,GLY
52A-CB2,ALA
52A-CB1,ALA
52A-CD,GLY
54W-C1,ASN
54W-C4,PHE
54W-C2,ALA
55B-OAJ,SER
55B-CAM,TYR
55B-OAK,SER
55B-CAI,THR
56A-C,GLY
56A-C35,PHE
56A-CG,HID
56A-C29,ILE
56A-C32,VAL
56S-C12,GAN
56S-C15,VAL
56S-C03,ILE
56S-C06,ILE
56S-C09,ALA
5BV-C33,GLY
5BV-C,GAN
5BV-C44,ALA
5BV-C39,ILE
5BV-C41,ALA
5BV-C42,ALA
5C5-C,GLY
5C5-O1,SER
5C5-S,CYS
5C5-C18,PHE
5C5-C12,PHE
5C5-C9,PHE
5CQ-C02,TYR
5CQ-C17,ALA
5CQ-C09,ILE
5CQ-C15,THR
5CQ-C16,ALA
5CQ-C11,ALA
5CQ-C12,ALA
5D4-C8,ASN
5D4-C1,ASN
5D4-C5,ILE
5D4-C3,ALA
5D4-C2,ALA
5E8-C16,EST
5E8-C19,ALA
5E8-C4,PHE
5E8-C17,GLN
5E8-C13,GLN
5E8-C14,ALA
5E8-C10,ALA
5E8-C26,ALA
5E8-C25,ALA
5EB-C16,EST
5EB-C19,ALA
5EB-C4,PHE
5EB-C17,ASN
5EB-C13,GLN
5EB-C20,GLN
5EB-C10,ALA
5EB-C14,ALA
5EB-C26,ALA
5EB-C25,ALA
5EB-C27,ALA
5EB-C21,ALA
5EB-C24,ALA
5EC-C16,EST
5EC-C19,ALA
5EC-C4,PHE
5EC-C17,ASN
5EC-C13,GLN
5EC-C,GLN
5EC-C23,ALA
5EC-C24,ALA
5EC-C10,ALA
5EC-C14,ALA
5EC-C25,ALA
5EC-C26,ALA
5F2-C19,ALA
5F2-C16,EST
5F2-C20,ASN
5F2-C4,PHE
5F2-C17,ASN
5F2-C13,GLN
5F2-C14,ALA
5F2-C10,ALA
5F2-C26,ALA
5F2-C25,ALA
5GM-C,GLY
5GM-CB2,ALA
5GM-CC,ILE
5GM-CD2,ALA
5HD-C13,THR
5HD-C8,THR
5HD-C3,THR
5HD-C5,ILE
5HD-C11,ALA
5JP-C,GLY
5JP-OG,SER
5JP-CN,ALA
5K3-C1,THR
5K3-O,SER
5K3-C7,TYR
5KC-C,GLY
5KC-CB,THR
5KC-CAI,GLY
5PV-C11,GAN
5PV-C1,PHE
5PV-C8,ALA
5QB-C1,ASN
5QB-C3,PHE
5QB-O1,SER
5QB-O,SER
5R5-C,GLY
5R5-OG,SER
5R5-C1,ALA
5TO-CAL,GLN
5TO-CAD,ILE
5TO-CAM,ILE
5TO-CAB,ALA
5VQ-C1,THR
5VQ-C3,ALA
5Y9-C01,ALA
5Y9-C04,ASN
5Y9-C03,ALA
5YM-C22,THR
5YM-C18,GLN
5YM-C11,ILE
5YM-C14,ALA
5YM-C15,ALA
5YM-C03,ILE
5YM-C06,ILE
5YM-C09,ALA
5YR-CBH,ALA
5YR-CBJ,VAL
5YR-CBE,GLN
5YR-CAC,TYR
5YR-CAZ,ILE
5YR-CAW,VAL
5YR-CAG,ALA
5YR-SAU,CYS
5YR-CAK,ILE
5YR-CAQ,THR
5YR-CAS,ALA
5YR-CAM,ALA
5YR-CAN,ALA
64R-C05,TYR
64R-C09,GLN
66D-C,GLY
66D-CB2,ALA
66D-CC,ILE
66D-CD2,ALA
66E-C1,ALA
66E-C2,ALA
66E-C,GLY
66E-CB,VAL
66Y-C6,GLN
66Y-C3,ALA
66Y-C4,ALA
66Y-C5,ALA
66Z-C6,GLN
66Z-C3,ALA
66Z-C4,ALA
66Z-C5,ALA
6C4-C5,GLN
6C4-C4,VAL
6C4-C7,LEU
6C4-C9,ALA
6C4-C10,ALA
6CM-C19,GLN
6CM-C23,VAL
6CM-C1,THR
6CM-C3,THR
6CM-C6,ILE
6CM-C11,ILE
6CM-C15,ILE
6CM-C17,ALA
6CM-C18,ALA
6DN-CX2,GLY
6DN-CD,ILE
6DN-C,GLY
6EM-C1,ALA
6EM-C5,GLN
6EM-N4,ETA
6EM-C9,ALA
6EM-C10,ALA
6F5-CAI,GAN
6F5-CAE,ILE
6F5-CAD,ALA
6FH-CAI,GAN
6FH-CAB,ILE
6FH-CAD,ALA
6FH-CAF,ALA
6FZ-C3,PHE
6FZ-C9,GAN
6JZ-C2,THR
6JZ-C4,THR
6JZ-C6,THR
6JZ-C8,THR
6JZ-C10,THR
6JZ-C11,ALA
6JZ-C12,ALA
6LN-S1,CYS
6LN-S2,CYS
6NA-C,GAN
6NA-CD,VAL
6UL-CAP,GAN
6UL-CBN,ILE
6UL-CAL,ILE
6UL-CBB,ILE
6UL-CAH,ILE
6UL-CBF,ILE
6UL-CAD,ILE
6UL-CAA,ALA
6UL-CBI,ILE
6UL-CBM,ILE
6UL-CAT,ILE
6Y9-C37,ALA
6Y9-C38,ALA
6Y9-CG,VAL
6Y9-C,GLY
6ZS-C,GLY
6ZS-CB1,ALA
6ZS-C2,ALA
6ZS-CB,ALA
70G-C11,GAN
70G-C02,PHE
70G-C06,ILE
71J-C5,THR
71J-C2,THR
71J-C3,ALA
71J-C4,ALA
73C-C,GLY
73C-OG,SER
73C-C3,ILE
73O-C,GLY
73O-C52,ALA
73O-C62,TYR
74C-C,ALA
78U-C,GLY
78U-CD2,TRP
78U-CAG,ALA
7AN-C11,ASN
7AN-C03,TRP
7AN-C05,ALA
7C9-C,GLY
7C9-O20,SER
7C9-C21,ALA
7CC-C26,ALA
7CC-C27,ALA
7CC-C28,ALA
7CC-C29,ALA
7CC-C,GLY
7CC-C24,ASN
7CV-O2,SER
7CV-O3,SER
7CV-C1,THR
7CV-C4,THR
7CV-C5,THR
7DF-C13,GAN
7DF-C11,EST
7DF-O1,SER
7DF-C8,LEU
7DF-C2,LEU
7E9-C20,THR
7E9-O2,SER
7E9-C80,GAN
7E9-C12,ILE
7E9-C9,VAL
7E9-C5,ILE
7EX-C3,ILE
7EX-O,SER
7EX-C6,ALA
7G0-C02,TYR
7G0-C09,ILE
7G0-C15,THR
7G0-C16,ALA
7G0-C11,ALA
7G0-C12,ALA
7G1-C13,TYR
7G1-C04,ILE
7G1-C15,THR
7G1-C18,ALA
7G1-C09,ALA
7G1-C10,ALA
7G1-C01,ALA
7G1-C06,ALA
7GA-C,GAN
7GA-C9,VAL
7GA-C6,ALA
7J3-C02,GLY
7J3-C24,ASN
7J3-C28,ILE
7J3-C30,ALA
7J4-C02,GLY
7J4-C24,ASN
7J4-C27,THR
7J4-C29,ALA
7J4-C30,ALA
7PE-C20,THR
7PE-C17,THR
7PE-C14,THR
7PE-C11,THR
7PE-C8,THR
7PE-C5,THR
7PE-C2,THR
7PG-C1,THR
7PG-C3,THR
7PG-C5,THR
7PG-C7,THR
7PG-C9,THR
7PG-C11,THR
7PG-C13,THR
7PG-C15,THR
7PG-O8,SER
7PO-C26,GAN
7PO-C03,ILE
7PO-C07,ILE
7PO-C10,ILE
7PO-C14,ILE
7PO-C18,ILE
7PO-C22,VAL
7QK-C,GLY
7QK-CD,ILE
7QK-CH2,ASN
7QK-CH1,ALA
7UC-CAJ,GAN
7UC-CAA,ALA
7UC-C,GLY
7UT-C1,GAN
7UT-O01,SER
7UT-C5,ILE
7UT-C10,ILE
7UT-C8,ALA
7VN-C,GLY
7VN-CN,ALA
7VN-CG2,ILE
7VN-CG1,ALA
7VU-C,GLY
7VU-CG,PHE
7VU-CH,ALA
7VU-C1,ALA
7VU-C2,ALA
7YL-C,GAN
7YL-CD,ASN
7YV-C12,PHE
7YV-C18,ALA
7YV-C19,ALA
7YV-C10,GLN
7YV-C09,ILE
7YV-C07,ALA
81R-C,GLY
81R-SE,CYS
81R-CB,ALA
81R-SD2,CYS
81S-C,GLY
81S-SE,CYS
81S-CB,ALA
81S-SD2,CYS
823-C,GLY
823-CG,ASN
823-ST,CYS
823-ST2,CYS
823-CE,ALA
823-CZ,ALA
823-CE2,ALA
823-CZ2,ALA
82R-C13,THR
82R-C20,ALA
82R-C27,THR
82R-C30,LEU
82R-C18,THR
82R-C24,ALA
82R-C26,ALA
82R-C10,THR
82R-C6,ILE
82R-C14,ALA
82R-C19,ILE
82R-C21,ALA
82R-C23,ALA
82R-C22,ALA
838-C29,GLY
838-C9,GLN
838-C6,VAL
838-C33,PHE
838-O46,SER
838-C30,ALA
838-C40,ALA
838-C18,GLN
838-C21,ALA
838-C22,ALA
838-C23,GLN
838-C27,ILE
85F-C,GLY
85F-CZ1,GLY
85F-SG,CYS
85F-CD,ALA
85G-C,GLY
85G-CK,ALA
85G-CD,GLN
85G-CY,ALA
85J-C,GLY
85J-CD,GLN
85J-CT,VAL
85N-C15,GAN
85N-C10,ILE
85N-N1,CHL
85N-C24,GAN
85N-C7,ILE
85N-C2,LEU
85N-C17,THR
85N-C25,GAN
85N-C30,ILE
85N-C33,ILE
85N-C37,LEU
87K-C1,GAN
87K-C5,ILE
87K-C10,ILE
87K-C14,ILE
87K-C18,ILE
87K-C20,ALA
87K-C21,ALA
87Q-C19,GAN
87Q-C15,ALA
87Q-C16,ALA
87Q-C03,ILE
87Q-C22,THR
87Q-C13,VAL
87Q-C25,THR
87Q-C10,ALA
87Q-C06,THR
87Q-C07,ALA
87Q-C09,ALA
87X-C,GAN
87X-C16,ILE
87X-C18,ILE
89A-C7,ASN
89A-CBB,GLN
89A-CBE,GLN
89A-C3,THR
89A-C4,THR
89A-O5,SER
89A-O6,SER
89N-C2,THR
89N-C3,THR
8EZ-C01,ALA
8EZ-C08,GAN
8EZ-C04,ILE
8I7-C9,GLN
8I7-C3,ALA
8I7-C4,ALA
8I7-C12,GLN
8I7-C26,ALA
8I7-C31,ALA
8I7-C32,ALA
8I7-C15,GLN
8I7-C16,ILE
8I7-C23,ALA
8I7-C8,THR
8I7-C24,GLN
8I7-C21,ALA
8I7-C22,ALA
8IK-C14,GLY
8IK-C8,TRP
8IK-C12,ALA
8JG-C11,GAN
8JG-C10,ALA
8JG-C13,ILE
8JG-C16,ALA
8JG-C6,THR
8JG-C1,THR
8JG-C,ALA
8JG-C2,ILE
8JG-C17,ALA
8JG-C18,ALA
8JT-O,SER
8JT-C3,TYR
8JT-C7,LYS
8JT-C8,ALA
8JV-C02,GLY
8JV-C06,ASN
8JV-C23,ALA
8JV-C25,PHE
8JV-C09,GAN
8JV-C13,ALA
8JV-C15,PHE
8JV-C19,ALA
8JZ-CAH,EST
8JZ-CAD,VAL
8K6-C2,ILE
8K6-C7,ILE
8K6-C10,ILE
8K6-C14,ILE
8K6-C17,ALA
8K6-C18,ALA
8LJ-C,GLY
8LJ-CB,ALA
8LJ-CG,ALA
8LJ-CD,ALA
8LZ-C2,TYR
8LZ-C,THR
8LZ-N,ETA
8LZ-C10,ALA
8LZ-C11,ALA
8NW-S1,CYS
8NW-C10,GLN
8NW-S2,CYS
8NW-C6,ALA
8NW-C1,ALA
8NW-C7,ALA
8NW-C15,THR
8NW-C13,ALA
8PD-C19,GAN
8PD-O24,SER
8PD-C16,GLN
8PD-C03,ILE
8PD-C06,ILE
8PD-C11,ILE
8PD-C13,ALA
8QP-C16,GAN
8QP-C6,TRP
8QP-O,SER
8QP-C13,ALA
8QP-C14,ALA
8QP-C1,ALA
8QP-C,ALA
8QS-C16,GAN
8QS-C6,TRP
8QS-O,SER
8QS-C13,ALA
8QS-C14,ALA
8QS-C1,ALA
8QS-C,ALA
8RP-C2,ASN
8RP-O2,SER
8RP-C3,ALA
8RP-C4,ALA
8RP-C10,PHE
8RP-O1,SER
8U1-C2,ASN
8U1-C4,PHE
8U1-O1,SER
8UX-CAS,GLY
8UX-CAT,HIE
8UX-C,GAN
8UX-CAR,GLY
8UX-CAK,ALA
8UX-CAJ,ALA
8VH-C03,PHE
8VH-C08,ALA
8WS-C10,ASN
8WS-C01,ALA
8WS-C08,ASN
8WS-C02,GLN
8WS-C06,VAL
8YR-C,GLY
8YR-CG1,THR
8YR-CG2,ALA
8YR-CD2,ALA
8Z9-C1,GAN
8Z9-C5,VAL
8Z9-C9,ILE
8Z9-CC,ILE
8Z9-CF,ALA
8Z9-CG,ALA
90A-C3,ASN
90A-C15,GAN
90A-C2,THR
90A-C5,THR
90A-C8,THR
90A-C11,THR
9A4-C02,THR
9A4-C04,ALA
9A4-C05,ALA
9A7-C02,THR
9A7-C04,ALA
9A7-C05,ALA
9BZ-C09,GLY
9BZ-S01,CYS
9BZ-S04,MET
9BZ-S13,CYS
9BZ-C15,ALA
9BZ-C14,ALA
9D2-O1,SER
9D2-O2,SER
9D2-C3,THR
9D2-C,ALA
9D2-C1,ALA
9DC-OAE,SER
9DC-SAF,CYS
9DC-SAA,CYS
9DU-SAA,CYS
9DU-CAI,PHE
9DU-CAD,GLN
9DW-C,GLY
9DW-C01,ALA
9DW-C03,PHE
9DW-C12,PHE
9DW-OA6,SER
9EE-CAB,GLN
9EE-CAF,GLN
9F8-C12,GAN
9F8-C03,TRP
9G9-O1,SER
9G9-O2,SER
9G9-C19,TYR
9G9-C18,TYR
9G9-C6,ILE
9HD-C04,ALA
9HD-C08,GLN
9HD-C25,GLN
9HD-C32,ALA
9HD-C44,GLN
9HD-C51,ALA
9HD-C62,GLN
9HD-C69,ALA
9HD-C76,GLN
9HD-C79,ALA
9HD-C18,ILE
9HD-C38,ILE
9HD-C58,ALA
9J6-CAC,GAN
9J6-CAH,GAN
9J6-CAK,ALA
9J6-CAL,ALA
9KK-C,GLY
9KK-CG,ILE
9KK-CM,ALA
9NK-S01,CYS
9NK-C01,PHE
9NK-C05,ASN
9NK-C12,VAL
9NK-C16,GAN
9ON-C7,GAN
9ON-C1,GAN
9PL-C6,ALA
9PL-C5,HID
9PL-C11,GAN
9PL-C9,ALA
9PL-C13,ALA
9PL-C14,ALA
9R1-C,GLY
9R1-CG,VAL
9R1-CN,GAN
9R4-C,GLY
9R4-CD,GLN
9R4-CH,GAN
9R4-C02,ALA
9T8-N03,ETA
9T8-C06,ASN
9T8-N01,ETA
9T8-C04,VAL
9T8-C02,ALA
9XX-C18,GAN
9XX-C22,ILE
9XX-C17,VAL
9XX-C33,ILE
9XX-C15,GAN
9XX-C26,ILE
9XX-C30,ILE
9XX-C11,ILE
9XX-C7,ILE
9XX-C3,ILE
9XX-C,ALA
9YT-C02,ASN
9YT-C09,GLY
9YT-C05,ALA
9YT-C06,ALA
9YU-O22,SER
9YU-C20,THR
9YU-C17,THR
9YU-C14,THR
9YU-C11,THR
9YU-C08,THR
9YU-C02,THR
9YU-C05,THR
A1A2Y-C,GLY
A1A2Y-CD2,TRP
A1A2Y-O23,SER
A1A34-C2,ASN
A1A34-O,SER
A1A34-C7,PHE
A1A34-C3,ALA
A1AA7-C13,PHE
A1AA7-C09,ILE
A1AA7-C11,ALA
A1AA7-C04,GLN
A1AA7-C03,ALA
A1ADW-C3,GLY
A1ADW-C8,PHE
A1ADW-C5,ALA
A1ADZ-C3,GLY
A1ADZ-C6,PHE
A1ADZ-O23,SER
A1AI3-CAC,GLN
A1AI3-CAI,ILE
A1AI3-CAF,ALA
A1AI3-C,GAN
A1AI3-OAQ,SER
A1AJD-CEK,THR
A1AJD-CEM,ALA
A1AJD-CEN,ALA
A1AJD-CEQ,ILE
A1AJU-C2,HIE
A1AJU-C,ALA
A1ALE-C,GLY
A1ALE-C81,ALA
A1ALE-C82,ALA
A1ALE-CZ,GLN
A1ALE-CB,ALA
A1ALE-CG,ALA
A1AQC-O,SER
A1AQC-C7,PHE
A1AQC-O1,SER
A1AV8-C,GLY
A1AV8-C06,ALA
A1AV8-C07,ALA
A1AV8-C08,ALA
A1AZ2-C,GLY
A1AZ2-CG,HID
A1AZ2-CM,ALA
A1BDH-C1,ASN
A1BDH-C3,THR
A1BDH-C6,VAL
A1BDH-C2,ALA
A1G-C,GLY
A1G-CB,LEU
A1G-CJ,ILE
A1G-CK,ALA
A1G-CL,ALA
A1H9K-C1,ALA
A1H9K-C6,THR
A1H9K-N4,ETA
A1H9K-C9,ALA
A1H9K-C2,ALA
A1H9K-C3,ALA
A1IG7-C6,GLN
A1IG7-C4,ALA
A1IG7-C9,ALA
A1L01-C35,GAN
A1L01-C243,GAN
A1L01-C252,ILE
A1L01-C291,ILE
A1L01-C300,VAL
A1L01-C264,ILE
A1L01-C276,VAL
A1LXX-C19,GAN
A1LXX-C02,ILE
A1LXX-C07,ILE
A1LXX-C10,VAL
A1LXX-N13,CHL
A1LY3-C11,PHE
A1LY3-C01,THR
A1LY3-C04,HID
A30-C,GLY
A30-C1,THR
A30-CG,PHE
A3U-C,GLY
A3U-CG,PHE
A3U-C1,ASN
A5W-C6,PHE
A5W-O,SER
A5W-C11,ALA
A5W-C10,ALA
A5W-C9,ALA
A5W-C8,ALA
A5W-C12,GLN
A5W-C15,ALA
A5W-C14,ALA
A8C-S,CYS
A8C-C,GAN
A8G-C05,GAN
A8G-O03,SER
A9E-C10,ASN
A9E-C14,ILE
A9E-C11,ALA
A9E-C7,TYR
A9E-C1,ALA
A9M-C1,GLN
A9M-C22,THR
A9M-C5,ILE
A9M-C10,ILE
A9M-C14,ILE
A9M-C18,ILE
A9M-C20,ALA
AA3-C,GLY
AA3-CB,ALA
AA3-CG,ALA
AB7-C,GLY
AB7-CB,ALA
AB7-CG,ALA
ABA-C,GLY
ABA-CB,ALA
ABA-CG,ALA
AC5-C,GLY
AC5-CG1,ILE
ACB-C,GLY
ACB-CG,GAN
ACD-C1,GAN
ACD-C4,ALA
ACD-C5,ALA
ACD-C7,VAL
ACD-C10,VAL
ACD-C13,VAL
ACD-C17,ILE
ACD-C19,ALA
ACD-C20,ALA
ACH-N1,CHL
ACH-C5,EST
ACM-C1,ASN
ACT-C,ASP
ACV-C1,GLY
ACV-S17,CYS
ACV-C13,ASN
ACV-C3,ALA
ACV-C10,GLN
ACV-C31,GAN
ACV-C33,ALA
ACV-C37,ALA
ACW-C1,GLY
ACW-S17,CYS
ACW-C13,ASN
ACW-C3,ALA
ACW-C10,GLN
ACW-C31,GAN
ACW-C37,ALA
ACW-C33,ALA
ACW-C40,ALA
ADM-C1,LEU
ADM-C5,ILE
ADM-C7,ALA
ADM-C10,ALA
AE3-C2,THR
AE3-C4,THR
AE3-C6,THR
AE4-C3,THR
AE4-C6,THR
AE4-C9,THR
AE4-C12,THR
AE4-C15,THR
AE4-C18,THR
AE5-C02,GAN
AE5-C14,GLY
AE5-C08,ALA
AE5-C11,GLY
AEI-C,GLY
AEI-CH2,GLY
AEI-CD,EST
AEI-CG2,ALA
AFB-C1,EST
AFB-C16,ALA
AFB-C7,THR
AFB-C12,ILE
AFB-C6,ALA
AFB-C4,THR
AFB-C3,ALA
AFB-C9,ALA
AFB-C10,ALA
AFJ-C12,GLN
AFJ-C20,VAL
AFJ-C30,GLN
AFJ-S1,CYS
AFJ-C79,ALA
AFJ-C36,THR
AFJ-C69,LEU
AFJ-C49,GLN
AFJ-C45,ALA
AFJ-C56,ILE
AGM-C,GLY
AGM-NE1,ARG
AGM-CE2,ALA
AH0-C7,ASN
AH0-C,GAN
AH0-C3,THR
AH0-C4,THR
AH0-O5,SER
AH0-O6,SER
AHN-C,ASN
AHN-CA,ALA
AHN-CG,HIE
AHP-C,GLY
AHP-CG,ILE
AHP-CZ,ALA
AIB-C,GLY
AIB-CB1,ALA
AIB-CB2,ALA
ALA-C,GLY
ALA-CB,ALA
ALC-C,GLY
ALC-CG,LEU
ALC-CZ,VAL
ALO-C,GLY
ALO-CB,THR
ALQ-C,GAN
ALQ-CB,ALA
ALY-CH,ASN
ALY-CG,ILE
ALY-C,GLY
AMB-C,GLY
AMB-CB,ALA
AMB-OD,SER
AMB-CE,ALA
AMC-C1,LYS
AMC-C5,VAL
AME-CT1,ASN
AME-C,GAN
AME-SD,CYS
AME-CE,ALA
AMJ-CAO,ASN
AMJ-C,GLN
AMJ-OAN,SER
AMJ-CAQ,PHE
AN0-C1,ASN
AN0-C,GAN
AN0-CG,ALA
AN0-CD,ALA
AN8-C,GLY
AN8-CAL,ILE
AN8-CAI,VAL
AOE-C30,ALA
AOE-C3,TYR
AOE-C29,GLN
AOE-C32,ILE
AOE-C17,THR
AOE-C18,ALA
AOE-C14,ILE
AOE-C11,ALA
AOE-C12,ALA
AOE-C19,ILE
AOE-C22,ILE
AOE-C25,ALA
AOE-C26,ALA
AOM-C3,THR
AOM-C17,THR
AOM-C18,ALA
AOM-C14,ILE
AOM-C1,ALA
AOM-C9,ILE
AOM-C19,ALA
AOM-C6,ILE
AON-C3,THR
AON-C17,THR
AON-C18,ALA
AON-C14,ILE
AON-C1,ALA
AON-C9,ILE
AON-C19,ALA
AON-C6,ILE
AOZ-C,GAN
AOZ-CAE,GLY
AOZ-CAL,HIE
APD-C,GLY
APD-CG,PHE
APD-C5,ALA
API-C,GLY
API-C4,VAL
API-C7,GLY
APP-C,ASN
APP-C',GAN
APP-C5,VAL
AQ7-C9,GLN
AQ7-C,GAN
AQ7-C3,GLN
AQ7-C6,VAL
AR9-C36,GLN
AR9-C31,GLN
AR9-C19,ILE
AR9-C47,THR
AR9-C8,LEU
AR9-C60,GLN
AR9-C56,ALA
AR9-C67,ILE
ARC-C1,THR
ARC-C5,ILE
ARC-C8,LEU
ARC-C12,ILE
ARC-C17,ILE
ARC-C19,ALA
ARC-C20,ALA
ARG-C,GLY
ARG-NE,ARG
ARI-CO4,EST
ARI-C1,THR
ARI-C3,ALA
ARI-C5,THR
ARV-C,GLY
ARV-NE,ARG
ARV-C1,ALA
ARV-C2,ALA
ARV-C3,ALA
ASN-C,GLY
ASN-CG,ASN
ASV-C1,GLY
ASV-S17,CYS
ASV-C13,ASN
ASV-C3,ALA
ASV-C10,GLN
ASV-C31,GAN
ASV-C33,ALA
ATE-C3,THR
ATE-C14,ILE
ATE-C5,ILE
ATE-C10,LEU
ATE-C12,ILE
ATE-C17,ALA
AUU-C10,GLY
AUU-C06,LEU
AUU-C04,ALA
AUU-C09,ALA
AVI-CAL,ALA
AVI-C,GLY
AVI-CAM,ALA
AVI-CG,HIE
AYA-CT,ASN
AYA-C,GAN
AYH-C70,ASN
AYH-C38,PHE
AYH-C49,GLN
AYH-C5,THR
AYH-C61,ILE
AYH-C67,VAL
AYH-C18,GLN
AYH-C14,ALA
AYH-C25,ILE
AYR-C11,ALA
AYR-C6,TYR
AYR-O10,SER
AYR-C12,ALA
AYR-C14,ASN
AYR-C19,ILE
AYR-C21,ALA
AZ1-C,GAN
AZ1-C5,VAL
AZ1-C9,GAN
B0I-CG1,PHE
B0I-CG2,PHE
B0V-C9,ASN
B0V-O2,SER
B0V-C6,PHE
B0V-C1,ALA
B0V-C12,ALA
B5I-C,GLY
B5I-CI,VAL
B5I-CD,VAL
B5L-N18,ETA
B5L-C16,ALA
B5L-N14,ETA
B5L-C12,ALA
B5L-N10,ETA
B5L-C8,ALA
B5L-C3,LYS
B5L-N6,ETA
B5L-C11,ALA
B5L-C7,ALA
B6D-C7,ASN
B6D-C10,ASN
B6D-C1,THR
B6D-C3,THR
B6D-C5,THR
B74-O1,SER
B74-CD2,PHE
B8M-C10,ALA
B8M-C15,ILE
B8M-C9,ALA
B8M-C12,ALA
B8M-C11,ALA
B8M-C1,THR
B8M-C7,ILE
B8M-C4,ALA
B8M-C3,ALA
BAE-CAA,ALA
BAE-CAG,GLN
BAE-CAC,ALA
BAE-CAD,ALA
BAQ-CAF,GLN
BAQ-CAC,ALA
BAR-C9,GAN
BAR-C8,GAN
BAR-C4,THR
BAR-C5,THR
BCN-C2,GLY
BCN-C4,THR
BCN-C6,THR
BCS-C,GLY
BCS-SG,CYS
BCS-CE,PHE
BCU-C11,THR
BCU-O4,SER
BCU-C6,PHE
BCV-C1,GLY
BCV-S17,CYS
BCV-C13,ASN
BCV-C3,ALA
BCV-C10,GLN
BCV-C31,GAN
BCV-C37,ALA
BCV-C33,ALA
BEQ-CE,ASP
BEQ-N1,ETA
BEQ-CG,ALA
BEQ-C2,VAL
BEQ-C4,GLN
BEQ-C9,ILE
BEQ-C13,ILE
BEQ-C15,ALA
BGT-CD,GLN
BGT-CT,LEU
BGT-C,GLY
BGX-C5,ALA
BGX-C1,GLY
BGX-C3,VAL
BHP-C31,GAN
BHP-C6,PHE
BHP-C9,VAL
BHP-C13,GLN
BHP-C14,ALA
BHP-C19,TYR
BHP-C23,PHE
BKO-C21,PHE
BKO-C28,PHE
BKO-S17,MET
BKO-C06,GLN
BKO-O19,SER
BKO-C03,GLN
BKO-C09,THR
BLD-C02,THR
BLD-C03,THR
BLD-C06,GAN
BLD-C19,ALA
BLD-C22,THR
BLD-C21,ALA
BLD-C08,LEU
BLD-C23,THR
BLD-C25,VAL
BLD-C28,ALA
BLD-C16,ILE
BLD-C18,ALA
BLD-C11,ALA
BLD-C12,ALA
BMD-C3,ALA
BMD-CA,GLN
BME-O1,SER
BME-S2,CYS
BMJ-C01,GAN
BMJ-C05,ILE
BMJ-C10,ILE
BMJ-C12,ILE
BMT-C,GLY
BMT-CN,ALA
BMT-CZ,ALA
BMT-CH,ALA
BMT-CB,THR
BMT-CD1,ALA
BMT-CD2,ALA
BMT-CE,ALA
BNC-C3,THR
BNC-C7,THR
BNC-C12,THR
BNC-C22,ILE
BNC-C21,ALA
BNC-C14,ILE
BNC-C5,ILE
BNC-C9,ALA
BNC-C19,ALA
BNC-C13,ALA
BNC-C18,ALA
BNV-C01,GAN
BNV-C06,ILE
BNV-C10,ILE
BNV-C12,ILE
BOM-C31,ALA
BOM-C2,THR
BOM-C33,ALA
BOM-C37,ILE
BOM-C13,ILE
BOM-C22,ILE
BQ9-C17,VAL
BQ9-C7,THR
BQ9-C20,VAL
BQ9-C23,VAL
BQ9-C10,GAN
BQ9-C11,GAN
BQ9-C9,ALA
BQ9-C14,ALA
BQ9-C15,ALA
BQ9-C34,ILE
BQ9-C39,ILE
BQ9-C41,ALA
BR4-C25,GAN
BR4-C6,PHE
BR4-C9,VAL
BR4-C13,GLN
BR4-C17,PHE
BR4-C14,ALA
BR4-C15,ALA
BRI-C1,THR
BRI-C3,THR
BRI-O4,SER
BRI-C5,THR
BS1-N1,CHL
BS1-C12,ALA
BS1-C13,ALA
BS1-C6,VAL
BS1-O1,SER
BS1-C9,PHE
BS1-C10,PHE
BS2-CAV,PHE
BS2-CAW,PHE
BS2-CAX,PHE
BS2-OAU,SER
BS2-CAS,LYS
BS2-CAQ,VAL
BTA-C,GLY
BTA-CG,VAL
BTC-C,GLY
BTC-SG,CYS
BTK-C,GLY
BTK-CD,ILE
BTK-CAN,GLN
BTK-CAA,ALA
BTM-C3,ALA
BTM-C5,ALA
BTM-C7,ALA
BTM-C8,PHE
BTM-N,ETA
BTM-C4,ALA
BTM-C6,ALA
BU1-C1,THR
BU1-C4,THR
BU2-C1,THR
BU2-C3,THR
BU3-C3,THR
BU3-C2,THR
BU4-C1,THR
BU4-C3,THR
BU9-C04,THR
BU9-C05,THR
BUA-C1,ALA
BUA-C4,GAN
BUC-C,GLY
BUC-SG,CYS
BUC-SD,CYS
BUC-C3,VAL
BUD-C2,THR
BUD-C3,THR
BUG-C,GLY
BUG-CB,LEU
BUJ-C5,GLN
BUJ-C7,GLU
BUJ-N6,CHL
BUJ-C17,ILE
BUJ-C21,ILE
BUJ-C25,ILE
BUJ-C28,ALA
BUT-C3,ILE
BVH-C8,ALA
BVH-C1,THR
BVH-C4,VAL
BVH-C6,THR
BW5-C,GLY
BW5-C1,LEU
BW5-C10,VAL
BW5-C5,LEU
BWQ-C19,TRP
BWQ-C23,ASN
BWQ-C12,THR
BWQ-C15,VAL
BWQ-C36,GLN
BWQ-C04,ILE
BWQ-C03,ALA
BWQ-C29,EST
BWQ-C33,ALA
BWQ-C34,ALA
BWQ-C35,ALA
BZV-C1,GAN
BZV-C5,ILE
BZV-C9,ILE
BZV-C13,ILE
BZV-C17,ILE
BZV-C21,ILE
BZV-C24,ALA
C0O-C,GLY
C0O-C3,ALA
C0O-C4,ALA
C0O-C5,ALA
C0O-C7,GLY
C10-C28,THR
C10-C25,THR
C10-C22,THR
C10-C19,THR
C10-C16,THR
C10-C13,THR
C10-C10,THR
C10-C3,ILE
C10-C6,ILE
C14-C03,ILE
C14-C06,ILE
C14-C11,ILE
C14-C13,ALA
C14-C14,ALA
C1S-C,GLY
C1S-SG,CYS
C1S-SD,CYS
C1S-CZ,ALA
C1S-CH,ALA
C2H-C,ALA
C2H-C1,ALA
C4L-C4,GAN
C4L-O3,SER
C4L-C5,GLN
C4L-C8,ALA
C54-C,GAN
C54-CG,ALA
C54-CD,ALA
C54-CN,ALA
C5A-C,GLY
C5A-CE,GAN
C5A-CB2,ALA
C5A-CG2,ALA
C5B-C,GLY
C5B-CE,GAN
C5B-CB2,ALA
C5B-CG2,ALA
C5C-C,GLY
C5C-SG,CYS
C5C-SD,CYS
C5C-C3,ILE
C6C-C,GLY
C6C-SG,CYS
C6C-SD,CYS
C6C-C3,ILE
C6C-C6,ALA
C6L-C5,GLN
C6L-C9,VAL
C6L-C4,GAN
C6L-O3,SER
C6W-N,CHL
C6W-P,PHO
C6W-C9,PHE
C6W-C7,ALA
C8E-C20,THR
C8E-C17,THR
C8E-C14,THR
C8E-C11,THR
C8E-C8,THR
C8E-C2,ILE
C8E-C5,ALA
C8E-C6,ALA
C9M-C2,TYR
C9M-O13,SER
C9M-C9,THR
C9M-C11,ALA
C9T-C,GAN
C9T-C7B,ALA
C9T-C3,ILE
C9T-C5,ALA
CA1-CX7,GAN
CA1-CJ1,ALA
CA1-CJ2,ALA
CAE-C7,LEU
CAE-C9,ALA
CAE-C10,ALA
CAE-C2,ALA
CAE-C3,ALA
CAE-C5,ALA
CAE-C6,ALA
CAT-C10,ILE
CAT-C7,ILE
CAT-NE1,CHL
CAT-C3,VAL
CBH-C12,GLY
CBH-C23,GAN
CBH-S18,MET
CBH-C20,ALA
CC8-C4,GAN
CC8-S,CYS
CCD-C5,THR
CCD-C3,VAL
CCD-N1,ETA
CCD-C10,ALA
CCD-C8,ALA
CCM-C,GAN
CCM-CG1,ILE
CDR-C1,THR
CDR-C4,THR
CDR-C5,THR
CE1-C36,THR
CE1-C33,THR
CE1-C30,THR
CE1-C27,THR
CE1-C24,THR
CE1-C21,THR
CE1-C18,THR
CE1-C15,THR
CE1-C12,THR
CE1-C3,ILE
CE1-C6,ILE
CE1-C9,ALA
CE1-C10,ALA
CE9-C39,THR
CE9-C36,THR
CE9-C33,THR
CE9-C30,THR
CE9-C27,THR
CE9-C24,THR
CE9-C21,THR
CE9-C18,THR
CE9-C15,THR
CE9-C12,THR
CE9-C2,ILE
CE9-C6,ILE
CE9-C9,ALA
CE9-C10,ALA
CG6-C,GLY
CG6-SG,CYS
CG6-CM,ALA
CGH-C14,GLY
CGH-C48,ILE
CGH-C51,VAL
CH2-C,ALA
CH3-C,ALA
CHC-C24,GAN
CHC-C3,THR
CHC-C7,THR
CHC-C17,ILE
CHC-C18,ALA
CHC-C25,ALA
CHC-C26,ALA
CHC-C14,ILE
CHC-C1,ALA
CHC-C9,ILE
CHC-C19,ALA
CHC-C4,ALA
CHC-C5,ALA
CHD-C24,GAN
CHD-C3,THR
CHD-C7,THR
CHD-C12,THR
CHD-C17,ILE
CHD-C18,ALA
CHD-C14,ILE
CHD-C5,ILE
CHD-C9,ALA
CHD-C19,ALA
CHG-C,GLY
CHG-C6,ILE
CHG-C2,ALA
CHG-C3,ALA
CHT-C4,THR
CHT-N1,ETA
CHT-C7,ALA
CHT-C8,ALA
CHX-C2,ILE
CHX-C5,ALA
CHX-C6,ALA
CIA-C6,TRP
CIA-C17,ASN
CIA-C25,TYR
CIA-O28,SER
CIA-C31,ASN
CIA-C18,ALA
CLT-CB2,GAN
CLT-CD,PHE
CME-C,GLY
CME-SG,CYS
CME-SD,CYS
CME-OH,SER
CMJ-C42,ILE
CMJ-C37,ILE
CMJ-C34,ILE
CMJ-C29,ILE
CMJ-C25,ILE
CMJ-C3,ILE
CMJ-C7,ILE
CMJ-C11,ILE
CMJ-C14,ILE
CMJ-C18,ILE
CMJ-C21,ALA
CMJ-C23,ALA
CMJ-C22,ALA
CMT-C,GLY
CMT-SG,CYS
CMT-C1,ALA
CNG-C14,GLY
CNG-C47,ILE
CNG-C43,ILE
CNL-C1,LEU
CNL-C3,ALA
CNL-C8,THR
CNL-C5,ALA
CNL-C9,ALA
CNL-C10,ALA
CNM-C1,ASN
CNS-C8,GAN
CNS-C22,ILE
CNS-C3,ILE
CNS-C1,ALA
CNS-C19,ILE
CNS-C15,ILE
CNS-C11,ILE
CPC-C,GLY
CPC-CN,ALA
CPC-CB,VAL
CPI-C,GLY
CPI-CG,ILE
CRC-C1,GAN
CRC-C6,ILE
CRC-C9,VAL
CS0-C,GLY
CS0-SG,CYS
CS0-C2,THR
CU9-O37,SER
CU9-O40,SER
CU9-O42,SER
CU9-O39,SER
CU9-C16,PHE
CU9-C9,TYR
CU9-N1,CHL
CU9-N20,CHL
CU9-C23,PHE
CU9-C35,TYR
CUC-C,GLY
CUC-C6,ILE
CUC-C2,ALA
CUC-C3,ALA
CUY-CAP,GAN
CUY-CAS,ILE
CUY-CAK,ILE
CUY-CBM,ILE
CUY-CAH,ILE
CUY-CBI,ILE
CUY-CAC,ILE
CUY-C40,VAL
CUY-CBE,ILE
CUY-C3,ILE
CUY-C6,ILE
CXE-C25,THR
CXE-C22,THR
CXE-C19,THR
CXE-C16,THR
CXE-C13,THR
CXE-C10,THR
CXE-C3,ILE
CXE-C6,ILE
CXL-C1,THR
CXL-C5,ILE
CXP-C9,GAN
CXP-C3,ILE
CXP-C5,ALA
CXP-C6,ALA
CY1-C,GLY
CY1-CZ,ASN
CY1-SG,CYS
CY1-CD,ALA
CYK-S,CYS
CYK-C4,GAN
CYK-C5,GLN
CYK-C9,VAL
CYM-C,GLY
CYM-SG,CYS
CYM-CD,ALA
CYS-C,GLY
CYS-SG,CYS
CZX-C05,PHE
CZX-C14,ALA
CZX-C06,HIE
CZX-C07,ALA
D0G-C17,GAN
D0G-C02,ILE
D0G-C06,ILE
D0G-C10,ILE
D0G-C12,ALA
D0G-C14,ALA
D0Q-C4,TRP
D0Q-C,GLY
D0Q-C1,ALA
D10-C3,ILE
D10-C7,ILE
D10-C9,ALA
D10-C10,ALA
D12-C2,ILE
D12-C7,ILE
D12-C11,ILE
D1T-S1,CYS
D1T-C8,ILE
D1T-C4,ILE
D1T-C2,ALA
D86-N4,ARG
D86-C6,ALA
D86-C5,ALA
D8D-C,ALA
D8D-C1,GLN
D8D-C13,GLY
D8D-C10,VAL
D8D-C5,ILE
D8D-C8,ALA
D9G-CAQ,ASP
D9G-NAO,ETA
D9G-CAA,ALA
D9G-CAE,ILE
D9G-CAI,ILE
D9G-CAM,ILE
DAL-C,GLY
DAL-CB,ALA
DAO-C1,GAN
DAO-C6,ILE
DAO-C10,ILE
DAO-C12,ALA
DAR-C,GLY
DAR-NE,ARG
DAV-C,GAN
DAV-CG,ALA
DAV-N,ETA
DBB-C,GLY
DBB-CB,ALA
DBB-CG,ALA
DCR-C1,GAN
DCR-C6,ILE
DCR-C10,ILE
DCR-C13,ILE
DCR-C18,ILE
DCR-C20,ALA
DCY-C,GLY
DCY-SG,CYS
DD9-C3,ILE
DD9-C6,ILE
DD9-C9,ALA
DDE-C,GLY
DDE-CG,HIE
DDE-CBI,GLN
DDE-CAT,ALA
DDE-NCB,ETA
DDE-CAC,ALA
DDE-CAA,ALA
DDO-C,GLY
DDO-CE,THR
DDO-CB,ALA
DDO-CG,ALA
DDR-C21,GAN
DDR-C26,ILE
DDR-C29,VAL
DDR-C53,THR
DDR-C51,ALA
DDR-C1,GAN
DDR-C6,ILE
DDR-C9,VAL
DE1-CAD,THR
DE1-CAC,ILE
DE1-CAK,ILE
DEC-C1,GAN
DEC-C6,ILE
DEC-C10,GAN
DEM-O5,SER
DEM-C1,THR
DEM-C5,ILE
DEM-C8,ILE
DEN-C2,ALA
DEN-C8,PHE
DEN-C3,ALA
DGL-C,GLY
DGL-CD,GAN
DGN-C,GLY
DGN-CD,GLN
DH6-C1,ASN
DH6-C4,PHE
DHI-C,GLY
DHI-CG,HIP
DHM-C7,ALA
DHM-C1,THR
DHM-C8,ALA
DHM-C9,ALA
DHM-C4,ILE
DHM-C10,ALA
DHO-C24,GAN
DHO-C3,THR
DHO-C12,THR
DHO-C17,ILE
DHO-C18,ALA
DHO-C14,ILE
DHO-C10,LEU
DHO-C6,ILE
DI7-C,GLY
DI7-CZ,TYR
DI7-CE3,ALA
DI7-CE4,ALA
DI8-C,GLY
DI8-C2,PHE
DI8-C8,ALA
DIL-C,GLY
DIL-CG1,ILE
DIO-C1',THR
DIO-C2,THR
DIQ-C,GLY
DIQ-CM,ALA
DIQ-C3A,LEU
DIQ-C6,VAL
DIQ-C8,ALA
DIV-C,GLY
DIV-CB2,ALA
DIV-CB1,ALA
DIV-CG1,ALA
DK0-C11,PHE
DK0-C04,THR
DKA-C1,GAN
DKA-C5,ILE
DKA-C9,VAL
DLE-C,GLY
DLE-CG,LEU
DLS-C1,ASN
DLS-C,GAN
DLS-CD,VAL
DLS-CH,ASN
DME-N1,CHL
DME-C5,ILE
DME-C9,ILE
DME-N12,CHL
DMG-C,GLY
DMG-C4,ALA
DMG-C5,ALA
DMH-C,GLY
DMH-CG,ASN
DMH-CE1,ALA
DMH-CE2,ALA
DMK-C,GLY
DMK-CG1,GAN
DMK-CG3,ALA
DMT-C,GLY
DMT-CN,ALA
DMT-CZ,ALA
DMT-CH,ALA
DMT-CB,THR
DMT-CD2,ALA
DMT-CD3,ALA
DMT-CD1,ALA
DMT-CE,ALA
DNE-C,GLY
DNE-CD,ILE
DNM-C,GLY
DNM-C1,ALA
DNM-CD,ILE
DNP-C,GLY
DNP-NG,ETA
DOE-C3,ALA
DOE-C4,ALA
DOE-C5,ALA
DOE-C14,GLY
DOE-C6,ALA
DOE-C7,ALA
DOE-C16,GLY
DOE-C8,ALA
DOE-C10,GLY
DOE-C12,GLY
DOE-C24,ASN
DOE-C18,PHE
DOE-S1,CYS
DOE-O10,SER
DOE-C1,ALA
DOE-C2,ALA
DOX-C2,THR
DOX-C4,THR
DPH-C,GAN
DPH-CG,PHE
DPN-C,GLY
DPN-CG,PHE
DPR-C,GLY
DPR-CG,VAL
DPV-N,CHL
DPV-P,PHO
DPV-C3,ILE
DPV-C19,ILE
DPV-C22,VAL
DPW-N,CHL
DPW-P,PHO
DPW-C8,ILE
DPW-C13,ILE
DPW-C15,ALA
DQY-C1,GAN
DQY-S,CYS
DQY-CM2,ALA
DR0-OAA,SER
DR0-NAD,ETA
DR0-CAK,ALA
DR0-CAH,ILE
DR0-CAF,ALA
DR0-CAE,ALA
DRI-C1,THR
DRI-C5,THR
DRI-C3,THR
DRI-O4,SER
DSE-C,GLY
DSE-OG,SER
DSE-CN,ALA
DSG-C,GLY
DSG-CG,ASN
DSN-C,GLY
DSN-OG,SER
DSR-S4,CYS
DSR-C5,THR
DSR-C1,THR
DSR-O3,SER
DTG-C,GAN
DTG-CG1,ALA
DTG-CG2,ALA
DTG-CG3,ALA
DTH-C,GLY
DTH-CB,THR
DTR-C,GLY
DTR-CD2,TRP
DTY-C,GLY
DTY-CE1,TYR
DVA-C,GLY
DVA-CB,VAL
DVH-C8,ALA
DVH-C1,THR
DVH-C4,VAL
DVH-C6,THR
DXC-C23,GAN
DXC-C13,THR
DXC-C20,ALA
DXC-C1,THR
DXC-C19,ILE
DXC-C11,ILE
DXC-C5,ILE
DXC-C7,ALA
DXC-C18,ALA
DXC-C10,ALA
DXC-C14,ALA
DXE-O2,SER
DXE-C2,THR
DXE-C1,ALA
DYL-C,GLY
DYL-CB,ALA
DYL-CG,ALA
DYL-CD,ALA
E00-C4,PHE
E00-N,ETA
E00-C2,ALA
E00-C,ALA
E2V-C24,GAN
E2V-C22,VAL
E2V-C28,ILE
E2V-C19,GAN
E2V-C32,ILE
E2V-C15,ILE
E2V-C36,ILE
E2V-C39,ALA
E2V-C11,ILE
E2V-C03,ILE
E2V-C07,ILE
E3O-C18,TYR
E3O-C7,THR
E3O-C6,ALA
E3O-C3,ALA
E3O-C4,ALA
E3O-C8,THR
E3O-C14,ILE
E4N-C12,ALA
E4N-C22,ALA
E4N-C32,ALA
E4N-N,CHL
E4N-C42,ALA
E5N-C4,GAN
E5N-C3,GAN
E7U-CCE,THR
E7U-CCZ,THR
E7U-CCK,THR
E7U-CBF,THR
E7U-CBO,ILE
E7U-CBD,ALA
E7U-CAX,ALA
E7U-CBH,THR
E7U-CAZ,ALA
E7U-CBK,ALA
E7U-CBL,ILE
E7U-CDC,ILE
E7U-CCJ,ALA
E7Y-C12,VAL
E7Y-C10,GLN
E7Y-C04,THR
E7Y-C15,VAL
E7Y-C06,ALA
E7Y-C07,ALA
E7Y-C18,VAL
E7Y-C24,ILE
E7Y-C21,ALA
E7Y-C20,ALA
E8N-CAD,ILE
E8N-CAE,ILE
E8N-CAG,ALA
E95-C04,TRP
E95-C07,ALA
E95-C,GLY
E9M-C,GLY
E9M-CD2,TRP
E9M-CN2,ALA
E9V-C,GLY
E9V-CG,HID
E9V-CN2,ALA
EAH-C1,GAN
EAH-C8,ALA
EAH-C5,THR
EAH-C9,ALA
EAH-C6,ALA
EAH-C7,ALA
EAH-C10,ALA
EAH-C11,ALA
EAH-C13,VAL
EAH-C16,ILE
EAH-C19,ALA
EAH-C20,ALA
EAL-C3,GLY
EAL-C1,GLN
EAL-C14,ALA
EAL-C16,PHE
EAL-C9,GAN
EAL-C7,ALA
EAL-C8,ALA
EC6-C24,ALA
EC6-C25,ALA
EC6-C1,GLN
EC6-C30,VAL
EC6-C5,GLN
EC6-C26,ALA
EC6-C4,ALA
EC6-C9,GLN
EC6-C10,ASN
EC6-C16,THR
EC6-C13,LEU
EC6-C18,ILE
ECB-CAO,VAL
ECB-CAU,ILE
ECB-CAN,VAL
ECB-CAQ,ALA
ECB-CAK,ALA
ECB-CAP,VAL
ECB-CAZ,GAN
ECB-CAL,ALA
ECB-CAR,ALA
ECB-CAT,THR
ECB-OAC,SER
ECE-C5,VAL
ECE-C1,GAN
ECX-C,GLY
ECX-SC,MET
EE0-C29,VAL
EE0-C,GLY
EEE-C1,EST
EEE-C4,ALA
EEL-S1,CYS
EEL-S2,CYS
EEL-C5,ASN
EEL-C9,GAN
EEL-C4,ALA
EEL-C1,ALA
EEO-S1,CYS
EEO-C9,GLN
EEO-C11,GAN
EEO-C7,ILE
EER-S1,CYS
EER-C7,GAN
EER-C8,GLN
EER-C1,VAL
EF0-S1,CYS
EF0-C6,GLN
EF0-C10,GAN
EF0-C3,ALA
EF0-C1,ALA
EF0-C2,ALA
EF9-S1,CYS
EF9-C6,GLN
EF9-C10,GAN
EF9-C3,ALA
EF9-C1,ALA
EF9-C2,ALA
EFF-S1,CYS
EFF-C7,GLN
EFF-C6,GLN
EFF-C3,ALA
EFF-C1,ALA
EFF-C2,ALA
EFR-S1,CYS
EFR-C6,GLN
EFR-C11,GLN
EFR-C4,ALA
EFR-C3,ALA
EFR-C1,ALA
EFR-C2,ALA
EG0-C11,GAN
EG0-C4,ALA
EG0-C3,ALA
EG0-C1,ALA
EG0-C2,ALA
EG0-C6,GLN
EG0-S1,CYS
EGC-C2,THR
EGC-C5,THR
EGC-C8,THR
EGC-C11,THR
EGC-C14,THR
EGC-C17,THR
EGC-C20,THR
EGC-C23,THR
EGC-C26,THR
EGC-C29,TYR
EGC-C36,ALA
EGC-C37,ALA
EGC-C39,LEU
EGC-C42,ALA
EHN-C1,ALA
EHN-C2,ALA
EIC-C1,GAN
EIC-C11,VAL
EIC-C6,ILE
EIC-C14,ILE
EIC-C8,ALA
EIC-C9,ALA
EIC-C17,ALA
EIC-C18,ALA
EL6-C31,GAN
EL6-C2,VAL
EL6-C21,GAN
EL6-C36,ILE
EL6-C25,ILE
EL6-C3A,ILE
EL6-C2A,ILE
EL6-C3D,ILE
EL6-C3H,VAL
EL6-C2E,ILE
EL6-C2H,VAL
ELA-C,GAN
ELA-C6,ILE
ELA-C8,ALA
ELA-C9,ALA
ELA-C12,ILE
ELA-C16,ILE
ELA-C18,ALA
ELD-C1,GLN
ELD-C6,ILE
ELD-C8,ALA
ELD-C9,ALA
ELD-C12,ILE
ELD-C16,ILE
ELD-C18,ALA
EME-C7,ALA
EME-C,GLY
EME-CD,GAN
END-CAH,THR
END-CAI,THR
END-CAP,THR
END-CAR,THR
END-CAQ,THR
END-CAT,THR
END-CAU,ILE
END-OAO,SER
EO3-C22,GAN
EO3-C03,ILE
EO3-C07,ILE
EO3-C11,ILE
EO3-C15,ILE
EO3-C18,VAL
EOH-C1,THR
EOL-C9,ALA
EOL-C5,TYR
EOL-O2,SER
EOL-C8,ALA
EOU-C5,EST
EOU-C4,EST
EOX-C1,THR
EPA-C1,GAN
EPA-C4,ALA
EPA-C5,ALA
EPA-C7,VAL
EPA-C10,VAL
EPA-C13,VAL
EPA-C16,VAL
EPA-C19,VAL
EPM-C1,GAN
EPM-S1,CYS
EPM-C5,ALA
EPM-C6,GLN
EPM-C11,ILE
EPM-C15,ILE
EPM-C18,ILE
EPM-C21,ALA
EPT-C3,TYR
EPT-C10,ILE
EPT-C12,ALA
EPT-C13,ALA
EQC-O2,SER
EQC-O3,SER
EQC-C8,PHE
EQC-O4,SER
EQC-C16,TYR
EQC-C4,GAN
EQC-C1,ALA
ERA-CBQ,ALA
ERA-CAA,THR
ERA-CBR,ALA
ERA-CBB,GLN
ERA-CAC,THR
ERA-CBU,ILE
ERA-CBF,ILE
ERA-CAH,ILE
ERA-CBW,ALA
ERA-CBX,ALA
ERA-CBJ,ILE
ERA-CBO,ILE
ERA-CAL,ILE
ERA-CAP,ILE
ERA-CAR,ALA
ERA-CAS,ALA
ERI-CO4,EST
ERI-C1,THR
ERI-C3,THR
ERI-C5,THR
ERU-C1,GLN
ERU-C21,ILE
ERU-C16,ILE
ERU-C14,ALA
ERU-C11,ILE
ERU-C7,ILE
ERU-C5,ALA
ERU-C4,ALA
ESC-C,GLY
ESC-SD,MET
ESC-CE,ALA
ESE-C02,TYR
ESE-C09,ILE
ESE-C15,THR
ESE-C16,ALA
ESE-C11,ALA
ESE-C12,ALA
ESL-C18,TYR
ESL-C7,THR
ESL-C6,ALA
ESL-C3,ALA
ESL-C4,ALA
ESL-C8,THR
ESL-C14,ILE
ETD-C10,ALA
ETD-C11,ALA
ETE-C12,THR
ETE-C23,THR
ETE-C24,THR
ETE-C25,THR
ETE-OH6,SER
ETH-C1,ALA
ETH-C2,ALA
ETM-SD,CYS
ETM-N1,CHL
ETX-C1,THR
ETX-C3,THR
ETY-C8,ALA
ETY-C1,TYR
ETZ-C2,THR
ETZ-C3,ALA
ETZ-C4,ALA
EUG-C8,ALA
EUG-C10,ALA
EUG-C5,TYR
EUG-O3,SER
EVY-C18,ILE
EVY-C14,ILE
EVY-C08,GLN
EVY-C24,ILE
EVY-C27,ALA
EVY-C02,GAN
EVY-C04,ALA
EW6-C,GLY
EW6-OG,SER
EW6-C4,ALA
EW8-C1,GAN
EW8-C5,ILE
EW8-C9,ILE
EW8-C14,ILE
EW8-C18,ILE
EWM-C8,GLN
EWM-C2,GAN
EWM-C4,ALA
EWM-C14,ILE
EWM-C19,ILE
EWM-C21,ALA
EXL-C01,ALA
EXL-C11,TRP
EXL-C,GLY
EXY-C,GLY
EXY-CD,ILE
EXY-OF,SER
EXY-CH,ALA
EYO-C3,THR
EYO-C5,THR
EYO-C7,THR
EYO-C10,THR
EYO-C1,THR
F09-C9,THR
F09-C3,ILE
F09-C6,VAL
F15-C1,GAN
F15-C6,ILE
F15-C11,ILE
F15-C3,ILE
F1V-C14,TRP
F1V-O,SER
F1V-C8,ALA
F1V-C9,GLN
F1V-C12,ALA
F1V-C13,ALA
F22-C1,GAN
F22-C4,ALA
F22-C6,VAL
F22-C9,VAL
F22-C12,VAL
F22-C15,VAL
F22-C18,VAL
F22-C21,VAL
F23-C1,GAN
F23-C6,ILE
F23-C9,ILE
F23-C14,ILE
F23-C17,ILE
F23-C22,ILE
F2W-OAK,SER
F2W-NAH,ETA
F2W-CAI,ALA
F2W-CAE,PHE
F2W-CAJ,ALA
F2W-OAL,SER
F2Z-OAJ,SER
F2Z-CAK,ASN
F2Z-CAL,PHE
F2Z-OAI,SER
F7P-C,GLY
F7P-CD2,TRP
F7P-C4,THR
F7P-C1,VAL
F7S-C1,ALA
F7S-C,GLY
F7S-CB,ALA
F7S-CD,THR
F7S-CE,ALA
F7V-C,GLY
F7V-CB,ALA
F7V-CG,ALA
F7V-CD,ALA
F7V-CE,ALA
F8O-C42,GAN
F8O-C52,ALA
F8O-C49,ILE
F8O-C45,ALA
F8O-C53,ALA
FAT-C1,GAN
FAT-C5,ILE
FAT-C9,ILE
FAT-C13,ILE
FAT-C16,ALA
FAW-CA1,GAN
FAW-CA5,ILE
FAW-CG1,ALA
FAW-CG3,THR
FAW-CAA,ILE
FAW-C33,VAL
FAW-CB1,GAN
FAW-CB5,ILE
FAW-CAB,ILE
FAW-C35,VAL
FCW-C14,ASN
FCW-C6,PHE
FCW-C9,ILE
FCW-C12,ALA
FCY-C,GLY
FCY-SG,CYS
FGA-C,GLY
FGA-CD,GAN
FGJ-C9,GAN
FGJ-C13,VAL
FGJ-C8,THR
FGJ-C5,GAN
FGJ-C1,VAL
FGJ-C6,ALA
FIT-C3,ASN
FIT-C19,GLN
FIT-C17,ALA
FIT-C20,LEU
FIT-C13,ILE
FIT-C4,ILE
FIT-C1,ALA
FIT-C10,VAL
FIT-C18,ALA
FKF-C24,GAN
FKF-C20,ILE
FKF-C25,THR
FKF-C26,ALA
FKF-C27,ALA
FKF-C13,LEU
FKF-C15,ALA
FKF-C9,LEU
FKF-C19,ALA
FKF-C6,ILE
FKF-C2,VAL
FL6-C,GLY
FL6-CG,EST
FMR-C4,ASP
FMR-C1,ASP
FN6-C7,HIE
FN6-C3,GLY
FN6-C15,GLY
FN6-C13,ALA
FN6-C12,ALA
FOP-N4,ETA
FOP-C6,THR
FU1-C4,THR
FU1-C3,ALA
FU1-C5,ALA
FWN-C5,THR
FWN-C8,THR
FWN-C11,THR
FWN-C14,THR
FWO-C17,GLY
FWO-C14,ASN
FWO-C15,GAN
FWO-C09,VAL
FX0-C27,GAN
FX0-C08,THR
FX0-C09,THR
FX0-C21,ALA
FX0-C24,ALA
FX0-C20,THR
FX0-C06,ILE
FX0-C14,ALA
FX0-C02,ILE
FX0-C17,VAL
FX0-C04,ILE
G2A-C01,GAN
G2A-C05,ILE
G2A-C23,THR
G2A-O26,SER
G2A-C09,ILE
G2A-C14,ILE
G2A-C18,ILE
G2A-C20,ALA
G4B-C10,GLN
G4B-C3,ILE
G4B-C6,VAL
G4B-C19,TYR
G4B-C23,ASN
G4B-C30,ALA
G4B-C31,GLN
G4B-C29,ALA
G4B-C46,TYR
G4B-C38,EST
G4B-C51,GLN
G4B-C61,ALA
G4B-C62,ALA
G4B-C34,ALA
G4B-C56,GLN
G8M-C,GLY
G8M-CD,GAN
G8M-C6,ALA
G8M-C7,ALA
GAM-CD,GAN
GAM-CB2,ALA
GAM-C,GLY
GBL-C,GAN
GBL-CG,ALA
GEC-OAC,SER
GEC-CAW,TYR
GEC-CAK,THR
GEC-CAL,THR
GEC-CAX,TYR
GEC-OAD,SER
GEE-C,GLY
GEE-C1,ALA
GEE-C2,ALA
GEF-OAU,SER
GEF-CAR,TYR
GEF-CAL,THR
GEF-CAH,THR
GEF-CAA,TYR
GEF-OAW,SER
GEP-C22,GAN
GEP-C17,ASN
GEP-C10,PHE
GEP-N1,CHL
GEP-C4,VAL
GFR-OAX,SER
GFR-CAU,TYR
GFR-CAP,THR
GFR-CAL,THR
GFR-CAH,TYR
GFR-OAB,SER
GFU-OAC,SER
GFU-CAU,TYR
GFU-CAL,THR
GFU-CAJ,THR
GFU-CAX,TYR
GFU-OAD,SER
GGL-C,GLY
GGL-CD,GAN
GH7-C07,GLY
GH7-C01,THR
GH7-C03,THR
GHE-C6,GLN
GHE-C1,GAN
GHE-C11,GLN
GHE-C4,ALA
GHE-C5,ALA
GHE-C16,GAN
GHE-C13,ALA
GHE-C12,ALA
GIO-C,ASN
GIO-CP,GLN
GIO-CGP,ALA
GIO-CDP,ALA
GLN-C,GLY
GLN-CD,GLN
GLU-C,GLY
GLU-CD,GAN
GLY-C,GLY
GME-C,GLY
GME-CD,GAN
GME-CX,ALA
GNC-C1,ALA
GNC-CD,GLN
GNC-C,GLY
GNU-O04,SER
GNU-C11,THR
GNU-C24,TYR
GNU-C12,THR
GNU-C23,TYR
GNU-O03,SER
GO6-O04,SER
GO6-C11,THR
GO6-C24,TYR
GO6-C12,THR
GO6-C23,TYR
GO6-O03,SER
GO9-C2,THR
GO9-C19,THR
GO9-O12,SER
GO9-O14,SER
GO9-O11,SER
GO9-C8,THR
GO9-C20,THR
GO9-C31,THR
GSC-C,GLY
GSC-S,CYS
GSC-C2,ALA
GT9-C,GLY
GT9-SG,MET
GT9-C4,ILE
GT9-C8,VAL
GU8-O6,SER
GU8-C1,THR
GU8-O2,SER
GU8-O3,SER
GU8-C5,THR
GU8-C4,THR
GVT-C39,THR
GVT-C36,THR
GVT-C33,THR
GVT-C30,THR
GVT-C27,THR
GVT-C24,THR
GVT-C21,THR
GVT-C18,THR
GVT-C15,THR
GVT-C12,THR
GVT-C4,ILE
GVT-C8,ILE
GYF-C02,EST
GYF-S05,CYS
GZJ-C1,ASN
GZJ-C,GAN
GZJ-CG,ALA
GZY-C1,ASN
GZY-C3,VAL
GZY-C6,PHE
GZY-O1,SER
H00-C,GAN
H00-SD,CYS
H0A-C11,ASN
H0A-C9,VAL
H0A-O,SER
H0A-C4,PHE
H0A-C6,ALA
H0A-C7,ALA
H3D-C5,ASN
H3D-C,ILE
H3D-C10,TYR
H3D-C14,THR
H3Z-CAA,ALA
H3Z-CAB,ALA
H3Z-CAH,TYR
H42-CAD,TYR
H42-CAF,VAL
H4Q-CAI,TYR
H4Q-CAB,ALA
H4Q-CAA,ALA
H4Q-CAH,ALA
H7V-C,GLY
H7V-C07,ALA
H7V-C01,LEU
H7V-C04,VAL
H7Y-CAA,ALA
H7Y-CAD,ALA
H7Y-CAK,TYR
H7Y-OAI,SER
HA4-C1,GAN
HA4-C16,ILE
HA4-C13,ILE
HA4-C9,ILE
HA4-C5,VAL
HAC-C9,GLY
HAC-C1,LEU
HAC-C4,VAL
HAI-C2,LYS
HAI-C5,ALA
HAI-C6,ALA
HC5-CAR,GAN
HCM-S2,CYS
HCM-SD,CYS
HCM-CB,ALA
HCM-C,GLY
HCS-C,GLY
HCS-CB,ALA
HCS-SD,CYS
HCV-C13,GLY
HCV-S,CYS
HCV-C8,GLN
HCV-C11,ALA
HCV-C4,GLN
HCV-C14,GAN
HCV-C,ALA
HCV-C2,ALA
HE2-CAE,ILE
HE2-CAD,THR
HE4-CAD,THR
HE4-CAE,ILE
HE4-CAH,ALA
HED-O1,SER
HED-S3,CYS
HED-S4,CYS
HED-O6,SER
HEX-C3,ILE
HEX-C5,ALA
HEX-C6,ALA
HEZ-C1,THR
HEZ-C6,THR
HEZ-C3,ALA
HEZ-C4,ALA
HF6-C4,TYR
HF6-C10,EST
HGS-C1,GLY
HGS-C4,GAN
HGS-SG2,CYS
HGS-C2,ASN
HGS-CD1,GLN
HIC-C,GLY
HIC-CG,HIE
HIC-CZ,ALA
HIS-C,GLY
HIS-CG,HIP
HIU-C1,GAN
HIU-O3,SER
HJV-CN,ALA
HJV-C,GLY
HJV-CD,GLN
HL0-C10,GLN
HL0-C3,ILE
HL0-C6,VAL
HL0-C14,GAN
HL0-C13,ALA
HL2-C,GLY
HL2-CB,THR
HL2-CD1,ALA
HL2-CD2,ALA
HL4-C8,GLN
HL4-C13,ALA
HL4-C2,GAN
HL4-C4,ALA
HL5-C,GLY
HL5-CB,ALA
HL5-CD1,THR
HL5-CD2,ALA
HL6-C5,GLN
HL6-C9,VAL
HL6-C1,GAN
HL6-C2,ALA
HLU-C,GLY
HLU-CB,THR
HLU-CD1,ALA
HLU-CD2,ALA
HLX-C,GLY
HLX-CG,ILE
HLX-C8,ALA
HMB-C,GAN
HMB-OD1,SER
HMB-OD2,SER
HMF-C,GLY
HMF-CB,ALA
HMF-C1,PHE
HNU-C3,ALA
HNU-C9,ASN
HNU-C1,ALA
HNU-C2,ALA
HNU-C4,GLN
HNU-C8,ASN
HP6-C21,ILE
HP6-C25,VAL
HPE-C,GLY
HPE-CB,ALA
HPE-CD,PHE
HPG-C1,THR
HPG-O3,SER
HPN-C1,GLN
HPN-C5,ILE
HSE-C,GLY
HSE-C4,THR
HSL-C,GLY
HSL-CB,ALA
HSL-CG,ALA
HTF-C1,GLN
HTF-C6,ILE
HTF-C4,ALA
HTF-C,GAN
HTF-CG,ALA
HTI-C,GLY
HTI-CAM,GLY
HTI-S,CYS
HTI-CAH,THR
HUI-C1,GAN
HUI-O3,SER
HUK-C25,TRP
HUK-N09,ETA
HUK-C12,ILE
HUK-C08,ALA
HUK-C16,ILE
HUK-C19,ALA
HUK-C02,ILE
HUK-N05,ETA
HUK-C07,ALA
HUN-C19,TRP
HUN-C26,LYS
HUN-C02,ASN
HUN-C05,ILE
HUN-C10,ILE
HUN-C12,ALA
HUQ-C26,TRP
HUQ-C09,ASN
HUQ-C03,ILE
HUQ-N05,ETA
HUQ-C07,ALA
HUQ-C12,ILE
HUQ-C15,ILE
HUQ-C18,ALA
HV5-C,GLY
HV5-CB,LEU
HX2-C2,THR
HX2-C5,THR
HX2-C3,ALA
HX2-C6,ALA
HXA-C1,GAN
HXA-C4,ALA
HXA-C6,VAL
HXA-C9,VAL
HXA-C12,VAL
HXA-C15,VAL
HXA-C18,VAL
HXA-C21,VAL
HXS-C2,TYR
HXS-C17,ALA
HXS-C18,ALA
HXS-C12,TYR
HXS-C19,ALA
HXS-C20,ALA
HZA-C2,THR
HZA-C5,THR
HZA-C8,THR
HZA-C11,THR
HZA-C14,THR
HZA-C17,THR
HZA-C20,THR
HZA-C23,THR
HZA-C26,THR
HZA-C28,ALA
I2M-C,GLY
I2M-CG1,ILE
I2M-CG2,ALA
I38-S,CYS
I38-C3,ASN
I38-C6,GAN
I3L-C5,GLY
I3L-S,MET
I3L-C,ALA
I3O-C05,TRP
I3O-O01,SER
I3O-C18,ASN
I3O-C17,GLN
I3O-C14,ILE
I3O-C16,ALA
I3O-C22,EST
I3O-C24,ALA
I3O-C26,ALA
I3O-C25,ALA
I3T-C05,TRP
I3T-C16,ASN
I3T-C17,THR
I3T-C19,VAL
I3T-C25,PHE
I3T-C22,ASN
I3T-C12,ILE
I3T-C14,ALA
I4B-C1,PHE
I4B-C2',VAL
I4G-C,GLY
I4G-CG,LEU
I7E-C01,ALA
I7E-C05,PHE
I7E-C03,ALA
I7E-C04,ALA
I9A-C31,LEU
I9A-C27,VAL
IBO-C,GLN
IBO-CB2,ALA
IBP-C1,GAN
IBP-C11,PHE
IBP-C3,VAL
IC0-C,GLY
IC0-C5,ILE
IC0-C7,ALA
ICC-C6,GLN
ICC-C2,VAL
IGL-C,GLY
IGL-CD1,PHE
IGL-CB,ALA
IGL-CG2,ALA
IIL-C,GLY
IIL-CG1,ILE
ILE-C,GLY
ILE-CG1,ILE
ILM-C,GLY
ILM-CG1,ILE
ILM-CE1,ALA
IML-C,GLY
IML-CG1,ILE
IML-CN,ALA
IP3-C1,THR
IP3-C3,VAL
IP4-CM1,ALA
IP4-C2,GLN
IP4-C5,VAL
IPF-C1,ASN
IPF-C8,TRP
IPF-C13,ASN
IPF-C49,ASN
IPF-C43,TRP
IPF-C48,ASN
IPF-C18,GLN
IPF-C16,ALA
IPF-C17,ALA
IPF-C21,PHE
IPF-C37,GLN
IPF-C35,ALA
IPF-C36,ALA
IPF-C27,THR
IPF-C32,THR
IPF-C30,VAL
IPG-C,GLY
IPG-CN,VAL
IQ0-C19,GAN
IQ0-C22,VAL
IS7-C,ALA
IS7-C1,ASN
IS7-C5,PHE
ISB-C,GAN
ISB-CB2,ALA
IU5-C24,GAN
IU5-C7,THR
IU5-C3,THR
IU5-C17,ILE
IU5-C18,ALA
IU5-C14,ILE
IU5-C1,ALA
IU5-C9,ILE
IU5-C19,ALA
IU5-C4,ALA
IU5-C5,ALA
IU6-C24,GAN
IU6-C7,THR
IU6-C3,THR
IU6-C26,ALA
IU6-C25,ALA
IU6-C17,ILE
IU6-C18,ALA
IU6-C14,ILE
IU6-C1,ALA
IU6-C11,ILE
IU6-C19,ALA
IU6-C4,ALA
IU6-C5,ALA
IVA-C,GAN
IVA-CG1,ALA
IVA-CG2,ALA
IVL-CAM,GAN
IVL-N3,CHL
IVL-CAE,ALA
IVL-CAD,ALA
IXW-C3,GAN
IXW-O3,SER
IXW-C2,ALA
IXW-C1,ALA
IYY-C5,GLY
IYY-S1,CYS
IYY-CB,GLY
IYY-SG,CYS
IZP-C1,GAN
IZP-C11,PHE
IZP-C3,VAL
J0R-C1,ALA
J0R-C7,EST
J0R-N1,CHL
J3J-C1,THR
J3J-O2,SER
J3J-C4,GAN
J3J-C7,ALA
J3S-S1,CYS
J3S-C1,GLN
J3S-C7,ALA
J3S-S2,CYS
J3S-C4,ALA
J3S-C5,ALA
J7H-C,GLY
J7H-CB2,ALA
J7H-CD,ILE
J7H-CZ,ALA
JAO-CAB,ALA
JAO-CAE,THR
JAO-CAH,ILE
JAO-CAK,ILE
JAO-CAO,ILE
JAO-CAS,VAL
JCX-C11,GLY
JCX-C05,PHE
JCX-C04,ALA
JD3-C02,GLY
JD3-C12,TRP
JD3-C07,ALA
JDJ-C2,THR
JDJ-CAK,THR
JDJ-CAM,THR
JDJ-CAO,THR
JDJ-CAQ,THR
JDJ-CAS,THR
JDJ-CAU,THR
JDJ-CAW,THR
JDJ-CAH,TYR
JDJ-CAD,ALA
JDJ-CAE,ALA
JDJ-CBI,LEU
JDJ-CAY,ALA
JEG-C03,GLY
JEG-C08,GAN
JEG-C11,ALA
JEV-C3,GLN
JEV-C6,ILE
JEV-C13,TYR
JEV-C15,ALA
JEV-C14,ALA
JGJ-C10,ASN
JGJ-O13,SER
JGJ-C01,ALA
JGJ-C03,PHE
JHS-C02,ASN
JHS-C12,PHE
JHS-C05,ALA
JHS-C08,THR
JHS-C10,ALA
JHS-C11,ALA
JIX-C7,GLY
JIX-O1,SER
JIX-C6,GAN
JIX-C3,ALA
JK7-C14,PHE
JK7-C02,THR
JK7-O12,SER
JK7-C05,GLN
JK7-C08,ALA
JK7-C09,ALA
JN3-C24,GAN
JN3-C3,THR
JN3-C7,THR
JN3-C17,ILE
JN3-C18,ALA
JN3-C14,ILE
JN3-C1,ALA
JN3-C9,ILE
JN3-C19,ALA
JN3-C4,ALA
JN3-C5,ALA
JPI-C4,THR
JPI-C2,THR
JPI-C8,ALA
JPI-C9,ALA
JPI-C5,ILE
JPI-C33,THR
JPI-C34,ALA
JPI-C35,ALA
JPI-C30,ILE
JPI-C40,ALA
JPI-C25,ILE
JPI-C39,ALA
JPI-C22,ILE
JPI-C38,ALA
JPI-C17,ILE
JPI-C37,ALA
JPI-C11,ALA
JPI-C14,ILE
JPI-C36,ALA
JZ7-CAD,THR
JZ7-CAF,ILE
JZ7-OAG,SER
K1V-C1,ASN
K1V-C7,GLN
K1V-C6,ALA
K1V-C2,ALA
K1V-C3,ALA
KCR-C,GLY
KCR-CD,ILE
KCR-CH,ASN
KCR-CY,ALA
KCR-CH3,ALA
KCY-C,GLY
KCY-CB,ALA
KCY-SD,CYS
KGC-C,GLY
KGC-CG,ILE
KGC-C13,GLY
KGC-C28,GAN
KJ1-C09,GLN
KJ1-C19,GLN
KJ1-C03,ILE
KJ1-C13,ILE
KJ1-C16,ALA
KJ1-C05,ALA
KJ1-C06,ALA
KJW-C,GLY
KJW-CB,THR
KJW-CD2,ALA
KJW-CD1,ALA
KKA-C9,GLY
KKA-S,CYS
KKA-C4,GLN
KKA-C1,ALA
KKA-C8,GAN
KNA-C1,GAN
KNA-C5,ILE
KNA-C8,ALA
KNA-C9,ALA
KP1-CAH,THR
KP1-CAB,ALA
KP1-CAI,THR
KP1-CAC,ALA
KP1-CAD,ALA
KR0-C5,GAN
KR0-C2,VAL
KR0-C8,ILE
KR0-C15,VAL
KR0-C7,GAN
KR0-C19,ILE
KR0-C22,VAL
KRU-C8,PHE
KRU-N7,ETA
KRU-C16,PHE
KRU-C2,GLN
KRU-C22,ALA
L14-CAI,GAN
L14-CAJ,GAN
L14-CAG,ALA
L14-CAH,ALA
L2P-C3,THR
L2P-O1,SER
L2P-C41,THR
L2P-C12,ILE
L2P-C45,ILE
L2P-C16,ILE
L2P-C19,ALA
L2P-C48,LEU
L2P-C22,ILE
L2P-C24,ALA
L2P-C52,ILE
L2P-C27,ILE
L2P-C29,ALA
L2P-C30,ALA
L2P-C57,ILE
L2P-C59,ALA
L2P-C60,ALA
L44-C1,THR
L44-C18,GAN
L44-C3,ALA
L44-C4,GAN
L44-C23,ILE
L44-C9,ILE
L44-C26,ILE
L44-C12,ILE
L44-C16,VAL
L44-C31,ILE
L44-C34,ILE
L44-C38,VAL
L4R-C,GLY
L4R-CB1,ALA
L4R-CJ,ALA
L4R-CD,ILE
L4R-CH,VAL
L8O-C16,ASN
L8O-C10,PHE
L8O-C8,ALA
L8O-C5,PHE
L8O-C,ALA
LA2-C,GLY
LA2-S6,CYS
LA2-CG,ILE
LA2-C1,GLN
LA2-C7,ALA
LA2-S8,CYS
LA2-C4,ALA
LA2-C5,ALA
LAL-CB,ALA
LAL-C,GLY
LAL-CH1,ALA
LAL-CH2,ALA
LAU-C1,GAN
LAU-C6,ILE
LAU-C10,ILE
LAU-C12,ALA
LAX-C1,GAN
LAX-C10,VAL
LAX-C6,ILE
LAX-C8,ALA
LAX-C13,VAL
LAX-C16,ILE
LAX-C19,ALA
LAX-C20,ALA
LAY-CN,ASN
LAY-C,GAN
LAY-CG,VAL
LB9-C2,LYS
LB9-N1,ETA
LDO-C,GLY
LDO-CE,THR
LDO-CB,ALA
LDO-CG,ALA
LE1-C,GLY
LE1-SG,CYS
LE1-C9,ALA
LE1-C8,ALA
LEA-C2,GAN
LEA-C5,ALA
LEA-C6,ALA
LEI-C,GLY
LEI-SG,CYS
LEI-C8,ALA
LEI-C9,ALA
LEU-C,GLY
LEU-CG,LEU
LFA-C3,ILE
LFA-C7,ILE
LFA-C11,ILE
LFA-C15,ILE
LFA-C18,ILE
LHP-C24,GAN
LHP-C26,GAN
LHP-C17,ILE
LHP-C18,ALA
LHP-C14,ILE
LHP-C9,ILE
LHP-C19,ALA
LHP-C2,ILE
LHP-C6,VAL
LI1-C3,THR
LI1-O1,SER
LI1-C41,THR
LI1-C12,ILE
LI1-C43,ILE
LI1-C16,ILE
LI1-C19,ALA
LI1-C48,LEU
LI1-C21,ILE
LI1-C24,ALA
LI1-C53,ILE
LI1-C26,ILE
LI1-C29,ALA
LI1-C30,ALA
LI1-C57,ILE
LI1-C60,ALA
LIL-C1E,GAN
LIL-C5E,ILE
LIL-C1F,GAN
LIL-C9E,ILE
LIL-C3S,ILE
LIL-C5F,ILE
LIL-C0T,ILE
LIL-C2T,ALA
LIL-C3T,ALA
LM0-C8,ASN
LM0-C1,ASN
LM0-C2,GLN
LM0-C6,PHE
LM8-C20,GAN
LM8-C11,ALA
LM8-C12,ALA
LM8-C02,VAL
LM8-C05,VAL
LM8-C08,LEU
LM8-C15,ILE
LM8-C17,ALA
LM8-C18,ALA
LME-C,GLY
LME-CD,GAN
LME-C1,ALA
LMQ-C,GLY
LMQ-CD,GLN
LMQ-CB2,ALA
LNG-C1,GAN
LNG-C6,ILE
LNG-C9,ILE
LNG-C12,VAL
LNK-C2,ILE
LNK-C5,ALA
LNL-C1,GAN
LNL-C11,VAL
LNL-C5,ILE
LNL-C14,VAL
LNL-C17,VAL
LNL-C8,ALA
LNL-C9,ALA
LOA-C24,GAN
LOA-C26,EST
LOA-C17,ILE
LOA-C18,ALA
LOA-C14,ILE
LOA-C5,ILE
LOA-C11,ILE
LOA-C19,ALA
LOA-C1,ALA
LOA-C2,ALA
LPA-C1,GAN
LPA-S6,CYS
LPA-C4,ALA
LPA-C5,ALA
LPA-C7,ALA
LPA-S8,CYS
LPB-C1,GAN
LPB-S8,CYS
LPB-S6,CYS
LPB-C7,ALA
LPB-C4,ALA
LPB-C5,ALA
LPM-S6,CYS
LPM-C1,GLN
LPM-C7,ALA
LPM-S8,CYS
LPM-C4,ALA
LPM-C5,ALA
LPZ-C4,TYR
LPZ-C8,ASN
LPZ-C12,ALA
LPZ-C9,ALA
LPZ-N1,ETA
LPZ-C13,ALA
LPZ-C11,ALA
LQO-C9,ASN
LQO-C10,PHE
LQO-C11,GLN
LQO-O16,SER
LRR-C1,GLN
LRR-C5,PHE
LRR-C12,THR
LRR-C13,ALA
LRR-C14,ALA
LTR-C,GLY
LTR-CD2,TRP
LV8-C,GLY
LV8-CB,ALA
LV8-CD,ASN
LVG-C,GLY
LVG-CB,ALA
LVG-CG1,ALA
LW9-C7,ILE
LW9-C2,ILE
LW9-C5,ALA
LX4-C8,ASN
LX4-C6,ALA
LX4-C7,ALA
LX4-C5,GLN
LX4-C1,VAL
LXQ-C02,ASN
LXQ-C05,ALA
LXQ-C08,GAN
LXQ-C11,ALA
LYS-C,GLY
LYS-CD,LYS
M0H-C,GLY
M0H-SG,CYS
M0H-OE,SER
M12-C1,GAN
M12-C6,ILE
M12-C9,ILE
M12-C12,ALA
M21-C1,ALA
M21-C2,ALA
M21-C3,ALA
M21-C4,ALA
M21-C14,THR
M21-C7,ILE
M21-C11,ILE
M2M-O1,SER
M2M-C3,THR
M2M-C5,THR
M2M-C6,ALA
M2W-C20,GLY
M2W-S37,CYS
M2W-C1,ASN
M2W-C8,GLN
M2W-C13,ALA
M2W-C23,GAN
M2W-O41,SER
M2W-C46,ALA
M30-C,GLY
M30-C5,ILE
M30-C7,ALA
M30-C8,ALA
M3L-C,GLY
M3L-CG,VAL
M3L-NZ,CHL
M5P-S1,CYS
M5P-C12,GAN
M5P-C6,PHE
M5P-C8,ALA
M64-C04,GLY
M64-C08,ASN
M64-C13,ILE
M64-C15,ALA
M64-C16,ALA
M6J-C04,GLY
M6J-C08,ASN
M6J-C12,VAL
M6J-C15,PHE
M7V-C07,GLY
M7V-C08,ILE
M7V-C05,GAN
M7V-C02,ALA
M8F-C2,GLY
M8F-S13,CYS
M8F-C14,ASN
M8F-C8,GLN
M8F-C5,ALA
M8F-C22,GAN
M8F-S20,CYS
M8F-C21,ALA
M9F-C,GLY
M9F-SAF,CYS
M9F-CAG,ASN
M9F-CAU,GLN
M9F-CB,ALA
M9F-SAM,CYS
M9F-CAP,GAN
M9F-CAO,ALA
MAA-C,GLY
MAA-CM,ALA
MAA-CB,ALA
MA-C,GLY
MA-CB,ALA
MA-CH3,ALA
MAX-O21,SER
MAX-C18,TYR
MAX-C11,GAN
MAX-C9,ALA
MAX-C3,TYR
MAX-O25,SER
MB3-CAA,ALA
MB3-CAF,GLN
MB3-CAE,ALA
MBN-C1,PHE
MCO-S,CYS
MCO-C4,GLN
MCO-C9,GAN
MCO-C6,ALA
MCO-C5,ALA
MCP-C6,GLY
MCP-C4,ILE
MCP-C7,ALA
MDX-C11,GAN
MDX-S1,CYS
MDX-C6,ILE
MDX-C3,VAL
ME0-C,GLY
ME0-OF,SER
ME0-CB,ALA
ME0-SD,CYS
ME2-C6,THR
ME2-C4,THR
ME2-C2,THR
ME2-C1,ALA
MEA-C1,ALA
MEA-C,GLY
MEA-CG,PHE
MED-C,GLY
MED-SD,MET
MEE-S,CYS
MEG-C,GLY
MEG-CD,GAN
MEG-C1,ALA
MEN-C,GLY
MEN-CG,ASN
MEN-CE2,ALA
MEQ-C,GLY
MEQ-CD,GLN
MEQ-CE,ALA
MET-C,GLY
MET-SD,MET
MEU-CB,ALA
MEU-C,GLY
MGN-C,GLY
MGN-CD,GLN
MGN-CB2,ALA
MGY-C,GLY
MGY-CN,ALA
MH1-C,GLY
MH1-C2,ALA
MH1-CG,HIE
MH8-C,GLY
MH8-CB1,ALA
MH8-CD,ILE
MH8-CZ,ALA
MHC-S1,CYS
MHC-C4,ASN
MHC-C11,ALA
MHC-C7,ALA
MHC-C14,TRP
MHL-C,GLY
MHL-CN,ALA
MHL-CG,THR
MHL-CD1,ALA
MHL-CD2,ALA
MHN-C8,THR
MHN-C4,ILE
MHN-C1,ALA
MHN-C3,ALA
MHS-C,GLY
MHS-CG,HID
MHS-CM,ALA
MK8-C,GLY
MK8-CD,ILE
MK8-CB1,ALA
MKD-C,GLY
MKD-CB1,ALA
MKD-CD,ILE
MKD-CF,ALA
MKD-CH,ALA
ML1-C4,ASN
ML1-C1,ALA
ML1-C8,TRP
ML1-O1,SER
ML3-C,GLY
ML3-SG,MET
ML3-NZ,ETA
ML3-CM2,ALA
ML3-CM3,ALA
MLE-C,GLY
MLE-CN,ALA
MLE-CG,LEU
MLL-C,GLY
MLL-CG,LEU
MLL-C10,ALA
MLO-CAA,ALA
MLO-CAB,ALA
MLO-CAO,TYR
MLO-CAE,ALA
MLO-CAP,TYR
MLO-CAF,ALA
MLU-C,GLY
MLU-CN,ALA
MLU-CG,LEU
MME-C,GLY
MME-SD,MET
MME-CM,ALA
MML-C2,PHE
MML-C6,VAL
MND-C,GLY
MND-CG,ASN
MND-CE2,ALA
MNL-C,GLY
MNL-CM1,ALA
MNL-CD,ILE
MNL-CM4,ALA
MOH-O,SER
MP8-CE,ALA
MP8-C,GLY
MP8-CG,VAL
MSA-C,GLY
MSA-CN,ALA
MSA-SB,CYS
MSM-SG1,CYS
MSM-CD1,ALA
MTG-C1,ASP
MTG-S3,CYS
MTJ-C,GLY
MTJ-CN,ALA
MTJ-CG,PHE
MTJ-OM,SER
MV9-C,GLY
MV9-CB,VAL
MV9-CN,ALA
MVA-C,GLY
MVA-CN,ALA
MVA-CB,VAL
MVJ-C6,PHE
MVJ-C10,ILE
MVJ-C12,ALA
MVJ-C19,GLN
MVJ-O16,SER
MVJ-C17,ALA
MVJ-C18,ALA
MXE-C1,THR
MXE-O2,SER
MYK-C,GLY
MYK-CG,ILE
MYK-CX,GLN
MYK-CL,ILE
MYK-CR,ILE
MYK-CW,VAL
MYR-C1,GAN
MYR-C6,ILE
MYR-C10,ILE
MYR-C13,VAL
MYS-C3,ILE
MYS-C6,ILE
MYS-C11,ILE
MYS-C14,VAL
MYZ-C1,GAN
MYZ-C6,ILE
MYZ-C8,ALA
MYZ-C9,ALA
MYZ-C12,ILE
MYZ-C14,ALA
MZT-C5,GAN
MZT-N1,CHL
MZT-C21,ALA
N2B-C1,PHE
N2B-C2',ALA
N2C-C,GLY
N2C-CN,ALA
N2C-SG,CYS
N2C-CD,ALA
N4B-C1,PHE
N4B-C3',VAL
N5U-C1,ALA
N5U-C6,HID
N5U-C11,ILE
N5U-C14,GLN
N7I-C10,THR
N7I-C3,TYR
N7I-O3,SER
N7P-C1,ASN
N7P-C,GAN
N7P-CD,ALA
N7P-CG,ALA
N80-CAD,ALA
N80-CAA,ALA
N80-C,GLY
N80-CG,VAL
N8E-C23,THR
N8E-C20,THR
N8E-C17,THR
N8E-C14,THR
N8E-C11,THR
N8E-C08,THR
N8E-C02,ILE
N8E-C05,ALA
N8E-C06,ALA
N8P-C7,ASN
N8P-C,GAN
N8P-CG,ALA
N8P-CD,ALA
N9K-C35,ALA
N9K-C,GLY
N9K-C30,TYR
NBU-C3,ILE
NCY-C,GLY
NCY-SG,CYS
NCY-CN,ALA
NEM-C,GLY
NEM-CG,HIE
NEM-CM,ALA
NER-C1,GAN
NER-C5,ILE
NER-C10,ILE
NER-C13,ILE
NER-C18,ILE
NER-C21,ILE
NER-C24,ALA
NET-C2,ALA
NET-C4,ALA
NET-C6,ALA
NET-N1,CHL
NET-C8,ALA
NHC-C8,GAN
NHC-C9,GAN
NHC-C2,THR
NHC-C5,ALA
NHC-C6,ALA
NLB-C,GLY
NLB-C3,PHE
NLB-CE,THR
NLB-CB,ALA
NLB-CG,ALA
NLE-C,GLY
NLE-CG,ILE
NLO-C,GLY
NLO-CG,ILE
NLO-C1,ALA
NLQ-C6,ASN
NLQ-C,GAN
NLQ-CD,ASN
NM2-N1,CHL
NM2-C5,GAN
NM3-C5,GAN
NM3-N1,CHL
NM3-C11,ALA
NMC-C,GLY
NMC-CX1,VAL
NMC-CX3,ALA
NMK-C,GLY
NMK-CD,LYS
NMK-CN,ALA
NML-C2,ASN
NML-C3,ALA
NON-C1,GAN
NON-CM,ALA
NON-C6,ILE
NON-C8,ALA
NON-C9,ALA
NPI-C,GLY
NPI-C7,GAN
NPI-CB,ALA
NPI-C4,ALA
NTK-C15,GAN
NTK-C18,ALA
NTK-C07,GAN
NTK-C10,ALA
NTK-C01,VAL
NTK-C11,GAN
NTK-C14,ALA
NVA-C,GLY
NVA-CG,VAL
NW4-C1,GLN
NW4-C8,ILE
NW4-C11,THR
NW4-C5,ALA
NW4-C6,ALA
NW4-C13,ALA
NW4-C12,ALA
NWO-C02,THR
NWO-C06,ILE
NWO-C08,ALA
NYB-C,GLY
NYB-CN,ALA
NYB-SG,CYS
NYB-CD,ILE
NZC-C,GLY
NZC-CB,THR
NZC-C40,ALA
O12-C,GLY
O12-CG,VAL
O12-C1,GLN
O12-C5,ILE
O12-C9,ILE
O12-C12,ALA
O18-C,GLY
O18-CB,ALA
O18-C1,GAN
O18-C6,ILE
O18-C8,ALA
O18-C9,ALA
O18-C11,ILE
O18-C15,VAL
O2S-S10,CYS
O2S-C11,ALA
O2S-C02,GAN
O2S-C06,VAL
O2V-S10,CYS
O2V-C11,ALA
O2V-C02,GAN
O2V-C06,VAL
O4B-CAB,THR
O4B-CAC,THR
O4B-CAG,THR
O4B-CAK,THR
O4B-CAJ,THR
O4B-CAF,THR
O6H-C,GLY
O6H-CG,PHE
O6H-CF1,ALA
O6H-CF2,ALA
O6H-CH,ALA
O77-C02,GLY
O77-C05,HID
O77-C15,GLY
O77-C11,ALA
O77-C12,ALA
O7A-CBG,ALA
O7A-CBM,GLY
O7A-CBJ,THR
O7D-CCT,ALA
O7D-C,GLY
O7D-CDB,TRP
O7D-ODG,SER
O7G-C,GLY
O7G-CB,VAL
O7G-CAA,ALA
O7G-CAB,ALA
O7J-C02,GLY
O7J-C23,HID
O7J-C16,GAN
O7J-C19,GLY
O7J-C09,GAN
O7J-C06,ALA
O8N-C1,THR
O8N-C26,ILE
O8N-C23,ILE
O8N-C19,ILE
O8N-C15,ILE
O8N-C11,ILE
O8N-C7,ILE
O8N-C4,ALA
O8N-C3,ALA
O9B-C31,GLY
O9B-C35,ILE
O9B-C37,ALA
OAS-C,GLY
OAS-C1A,EST
OC9-CAD,THR
OC9-CAE,ILE
OC9-CAI,ALA
OC9-CAH,ALA
OCA-C1,GAN
OCA-C6,ILE
OCA-C8,ALA
OCB-CAR,GAN
OCE-C,GAN
OCE-C2,GAN
OCE-CAX,ALA
OCE-CAY,ALA
OCT-C3,ILE
OCT-C7,ILE
OCY-C,GLY
OCY-SG,CYS
OCY-CE,THR
ODD-C1,GAN
ODD-C11,ALA
ODD-C6,ILE
ODD-C9,VAL
ODD-C12,ALA
ODD-C15,ILE
ODD-C17,ALA
ODD-C18,ALA
ODI-CAC,THR
ODI-CAI,ILE
ODI-CAD,THR
ODT-C1,GAN
ODT-C12,ALA
ODT-C5,ILE
ODT-C9,ILE
ODT-C13,ALA
ODT-C14,ALA
ODT-C15,ALA
ODT-C17,VAL
OET-C1,ALA
OET-C2,ALA
OHE-C2,THR
OIC-C5,ILE
OIC-C,GLY
OIC-CG,VAL
OJD-C02,GLN
OJD-C13,ALA
OJD-C05,ALA
OJD-C07,PHE
OLA-C1,GAN
OLA-C6,ILE
OLA-C8,ALA
OLA-C9,ALA
OLA-C12,ILE
OLA-C16,ILE
OLA-C18,ALA
OLI-C1,GAN
OLI-C6,ILE
OLI-C8,ALA
OLI-C9,ALA
OLI-C12,ILE
OLI-C16,ILE
OLI-C18,ALA
OLT-C,GLY
OLT-CB,THR
OLT-CD1,ALA
OMA-C18,GAN
OMA-C13,ILE
OMA-C9,ILE
OMA-C6,ILE
OMA-C1,ILE
OP3-CBC,GAN
OP3-CAA,ALA
OP3-CAL,ALA
OP3-CBB,GAN
OQ5-C37,ASN
OQ5-C51,GAN
OQ5-C47,ASN
OQ5-C31,THR
OQ5-C34,THR
OQ5-C41,THR
OQ5-C44,THR
OQ5-C54,ALA
OQ5-C56,ALA
OQ5-C55,ALA
OQ5-C57,ALA
OQ5-C1,GLN
OQ5-C14,ILE
OQ5-C25,GAN
OQ5-C24,ASN
OQ5-C10,ILE
OQ5-C7,ILE
OQ5-C19,ALA
OQ5-C4,ALA
ORQ-C,GLY
ORQ-CG,VAL
ORQ-C1,ASN
OTE-C20,THR
OTE-C17,THR
OTE-C14,THR
OTE-C11,THR
OTE-C8,THR
OTE-C2,ILE
OTE-C5,ALA
OTE-C6,ALA
OTH-C,GLY
OTH-C24,ALA
OTH-OG1,SER
OTH-CB,ALA
OTH-CG2,ALA
OV2-C30,ALA
OV2-C31,ALA
OV2-C5,GLN
OV2-C3,VAL
OV2-C10,GLN
OV2-C8,ALA
OV2-C9,ALA
OV2-C14,GLN
OV2-C15,ASN
OV2-C24,THR
OV2-C23,ALA
OV2-C17,THR
OV2-C26,LEU
OWA-C04,ALA
OWA-C02,GLN
OWA-C05,ALA
OWA-C08,EST
OXE-C1,PHE
OXE-C2',ALA
OXN-C44,THR
OXN-C41,THR
OXN-C38,THR
OXN-C35,THR
OXN-C32,THR
OXN-C29,THR
OXN-C26,THR
OXN-C23,THR
OXN-C20,THR
OXN-C17,THR
OXN-C13,TYR
OXN-C8,ALA
OXN-C7,ALA
OXN-C1,LEU
OXN-C2,ALA
OYL-C,GLY
OYL-CG,HIE
OYL-CZ,ALA
OYL-CT,ALA
P03-C1,THR
P03-C3,THR
P03-O3,SER
P03-C10,THR
P03-C8,THR
P03-C6,ALA
P0A-C,GLY
P0A-CAJ,GAN
P0A-CB,ALA
P0A-CAG,ALA
P0U-C15,ALA
P0U-C12,ALA
P0U-O05,SER
P0U-O31,SER
P0U-C09,PHE
P0U-C19,GLN
P15-O6,SER
P15-C11,THR
P15-C9,THR
P15-C7,THR
P15-C5,THR
P15-C3,THR
P15-C1,THR
P3G-C6,THR
P3G-C8,THR
P3G-C10,THR
P3G-C12,THR
P3G-C14,THR
P3G-C15,ALA
P3G-C16,ALA
P3R-C17,ALA
P3R-C13,ALA
P3R-O05,SER
P3R-O33,SER
P3R-C09,PHE
P3R-C21,GLN
P4E-C,GLY
P4E-C04,PHE
P4E-C08,ALA
P4E-C09,ALA
P4G-C7,THR
P4G-C5,THR
P4G-C3,THR
P4G-C2,ALA
P4G-C1,ALA
P4K-C1,THR
P4K-C3,THR
P4K-C5,THR
P4K-C7,THR
P4K-C9,THR
P4K-C11,THR
P4K-C13,THR
P4K-C15,THR
P4K-C29,THR
P4K-C27,THR
P4K-C25,THR
P4K-C23,THR
P4K-C21,THR
P4K-C17,THR
P4K-C19,THR
P4M-C20,ALA
P4M-C16,ALA
P4M-O05,SER
P4M-C13,ASN
P4M-C24,PHE
P4M-O28,SER
P5G-O1,SER
P5G-O4,SER
P5G-C14,TYR
P5G-C20,TYR
P5G-C7,THR
P5G-C8,ALA
P5G-C9,ALA
P6W-C03,GLN
P6W-C07,ASN
P87-C6,GLN
P87-C8,ILE
P87-C2,THR
P87-C3,ALA
P87-C,ALA
P8R-O3,SER
P8R-C6,THR
P8R-C8,THR
P8R-O14,SER
P8R-C25,THR
P8R-C23,THR
P8R-C21,THR
P8R-C19,THR
P8R-C17,THR
P8R-C15,THR
P8R-C13,THR
P8R-C11,THR
P8R-C10,ALA
P8R-C9,ALA
PAM-C1,GAN
PAM-C5,ILE
PAM-C8,ALA
PAM-C9,ALA
PAM-C12,ILE
PAM-C15,VAL
PAY-C4,GAN
PAY-C3,GAN
PAY-C2,GAN
PAY-C1,GAN
PCR-CE2,TYR
PDO-C1,THR
PDO-O3,SER
PDT-S1,CYS
PDT-C2,ALA
PDT-S2,CYS
PDW-CM,ALA
PDW-C,GLY
PDW-CG,VAL
PE4-C1,THR
PE4-C3,THR
PE4-C5,THR
PE4-C7,THR
PE4-C9,THR
PE4-C11,THR
PE4-C13,THR
PE4-C15,THR
PE5-C50,THR
PE5-C2,THR
PE5-C4,THR
PE5-C6,THR
PE5-C8,THR
PE5-C10,THR
PE5-C12,THR
PE5-C14,THR
PE5-C16,THR
PE7-S1,CYS
PE7-O4,SER
PE7-C6,THR
PE7-C9,THR
PE7-C12,THR
PE7-C15,THR
PE7-C18,THR
PE7-C21,THR
PE9-CAC,VAL
PE9-CAD,THR
PEA-C1',PHE
PEA-N,ETA
PEC-C,GLY
PEC-SG,CYS
PEC-SD,CYS
PEC-C4,ILE
PEI-C5,GAN
PEI-C1,ALA
PEI-C2,ALA
PEL-C1',PHE
PEL-OXT,SER
PFS-C,EST
PFS-O1,SER
PFS-P,PHO
PFS-N,CHL
PFS-C12,ILE
PFS-C17,ILE
PFS-C20,ILE
PFS-C24,ILE
PG0-O2,SER
PG0-C3,THR
PG0-C1,THR
PG5-O1,SER
PG5-C3,THR
PG5-C5,THR
PG5-C7,THR
PG5-C8,ALA
PG6-O1,SER
PG6-C3,THR
PG6-C5,THR
PG6-C7,THR
PG6-C9,THR
PG6-C11,THR
PG6-C12,ALA
PGF-C8,THR
PGF-C10,THR
PGF-C12,THR
PGF-C14,THR
PGF-C15,ALA
PH1-C52,VAL
PH1-C1,THR
PH1-C31,THR
PH1-C3,ILE
PH1-C35,ILE
PH1-C8,LEU
PH1-C38,LEU
PH1-C12,ILE
PH1-C42,ILE
PH1-C16,ILE
PH1-C19,ALA
PH1-C20,ALA
PH1-C46,ILE
PH1-C49,ALA
PH1-C50,ALA
PH6-C,GLY
PH6-CG,VAL
PH6-C6,ILE
PH6-C3,ALA
PH6-C2,ALA
PH8-C,GLY
PH8-CG,PHE
PH8-CB,ALA
PH8-CI,ALA
PHE-C,GLY
PHE-CG,PHE
PIV-C,GAN
PIV-C2,ALA
PIV-C3,ALA
PJ8-C2,ILE
PJ8-C7,ILE
PJ8-C10,ILE
PJ8-C14,ILE
PJ8-C17,ALA
PJZ-C13,VAL
PJZ-C15,ALA
PJZ-C16,ALA
PJZ-C17,ALA
PJZ-C18,ALA
PJZ-C19,ALA
PJZ-C20,ALA
PJZ-C21,ALA
PJZ-C22,ALA
PJZ-C26,GAN
PJZ-C23,ALA
PJZ-C2,VAL
PJZ-C46,GAN
PJZ-C36,ILE
PJZ-C41,ILE
PJZ-C43,ALA
PKR-C6,ALA
PKR-C,GLY
PKR-CG,VAL
PL3-C1,THR
PL3-C4,ILE
PL3-C9,ILE
PL3-CC,ILE
PL3-CF,ALA
PL3-CG,ALA
PLJ-CM,ALA
PLJ-C,GLY
PLJ-CG,VAL
PLM-C1,GAN
PLM-C6,ILE
PLM-C9,ILE
PLM-CD,ILE
PLM-CG,ALA
PML-C1,GAN
PML-C4,ALA
PML-C7,GAN
POL-C1,THR
POL-C3,ALA
PPI-C1,GAN
PPT-C,GAN
PPT-CZ,PHE
PQE-C68,THR
PQE-C55,THR
PQE-C61,THR
PQE-C66,VAL
PQE-C65,THR
PQE-C60,THR
PQE-C57,THR
PQE-C54,THR
PQE-C51,THR
PQE-C48,ILE
PQE-C43,ILE
PQE-C41,ALA
PQE-C40,ALA
PQG-C,GLY
PQG-CA0,PHE
PQG-C95,ALA
PQG-C96,ALA
PQG-C98,ALA
PQG-C99,ALA
PRK-C,GLY
PRK-CG,ILE
PRK-CAL,GLN
PRO-C,GLY
PRO-CG,VAL
PRS-C,GLY
PRS-SG,CYS
PRS-CB,ALA
PRU-C4,GAN
PRU-C3,GAN
PRU-C2,GAN
PRU-C1,GAN
PTF-S2,CYS
PTF-C4,PHE
PUC-C1,GAN
PUC-C4,ALA
PUC-C5,ALA
PUC-C15,THR
PUC-C8,ILE
PUC-C17,ILE
PUC-C20,ALA
PUC-O5,SER
PUC-C12,ILE
PUN-C,LEU
PUN-C4,LEU
PUN-C8,LEU
PUN-C12,LEU
PVH-C,GLY
PVH-CG,HIP
PVH-CM,ALA
PW3-C02,ASN
PW3-C04,ALA
PW3-C05,ALA
PW3-C07,ASN
PWF-CAR,EST
PWF-CAU,PHE
PWF-OAP,SER
PWF-CAT,TYR
PWK-OAO,SER
PWK-CAS,TYR
PWK-CAX,ILE
PWK-CAT,TYR
PWK-OAP,SER
PWZ-C1,GAN
PWZ-C4,ALA
PWZ-C5,ALA
PWZ-C15,THR
PWZ-C8,ILE
PWZ-C18,ILE
PWZ-C20,ALA
PWZ-C10,ALA
PWZ-C21,THR
PWZ-C12,ALA
PWZ-C13,ALA
PXS-C22,GAN
PXS-C19,VAL
PXS-C26,ILE
PXS-C16,GAN
PXS-C31,ILE
PXS-C02,ILE
PXS-C34,ILE
PXS-C37,ALA
PXS-C07,ILE
PXS-C10,ILE
PXS-C13,ALA
PXY-C1,PHE
PXY-C4',ALA
PYE-C1,THR
PYE-C4,VAL
PYJ-CG,PHE
PYJ-CX,ALA
PYQ-C7,ALA
PYQ-C5,PHE
PYQ-C9,GLN
PZI-C02,ASN
PZI-C09,GLN
PZI-C06,ALA
PZQ-C14,ASN
PZQ-C10,ALA
PZQ-C12,PHE
PZQ-C16,ALA
PZQ-C17,ALA
PZQ-C1,GLN
PZQ-C13,ILE
Q2E-C,GLY
Q2E-C7,TRP
Q2E-S,CYS
Q42-CAL,ILE
Q42-CAU,GLY
Q42-CAZ,VAL
Q6Z-CAR,THR
Q6Z-CAS,THR
Q6Z-CAA,ALA
Q6Z-CAV,ALA
Q6Z-CAU,ALA
Q7B-CAH,PHE
Q7B-CAD,PHE
Q7B-CAQ,GAN
Q7B-CAN,ALA
QAK-C2,ILE
QAK-C40,ALA
QAK-C,THR
QAK-C35,ALA
QAK-C36,ALA
QAK-C31,ILE
QAK-C30,ALA
QAK-CD2,ILE
QAK-C39,ALA
QAK-C26,ILE
QAK-C25,ALA
QAK-C21,ILE
QAK-C20,ALA
QAK-C16,ILE
QAK-C37,ALA
QAK-CZ3,ALA
QAK-C12,ILE
QAK-C38,ALA
QBF-OAB,SER
QBF-OAJ,SER
QBF-CAH,TYR
QBF-CAN,THR
QCN-C,GLY
QCN-C1,LEU
QCN-CZ,TYR
QG6-C02,GAN
QG6-C05,GAN
QG6-C12,ILE
QG6-C11,ALA
QG6-C08,VAL
QG6-C17,ALA
QG6-C18,ALA
QLB-C18,THR
QLB-C16,THR
QLB-C14,THR
QLB-C11,THR
QLB-C05,ILE
QLB-C10,ALA
QLB-C12,ALA
QM8-C,GLY
QM8-CG,VAL
QM8-SZ,CYS
QMB-C,GLY
QMB-SE,CYS
QMB-CB,ALA
QMB-CG,ALA
QMM-C,GLY
QMM-CH1,ALA
QMM-CD,GLN
QMM-CH2,ALA
QNJ-C3,THR
QNJ-C25,LEU
QNJ-C22,ILE
QNJ-C21,ALA
QNJ-C14,ILE
QNJ-C12,ILE
QNJ-C10,LEU
QNJ-C5,ILE
QO6-C11,ASN
QO6-C2,PHE
QO6-C8,ALA
QO6-C4,ALA
QQ4-C42,GLN
QQ4-C21,ALA
QQ4-C22,ALA
QQ4-C23,GLN
QQ4-C26,ALA
QQ4-C29,GLN
QQ4-C30,GLN
QQ4-C33,ALA
QQ4-C34,ALA
QQ4-C37,GLN
QQ4-C38,ALA
QQ4-C39,GLN
QQ4-C01,ILE
QQ4-C08,ILE
QQ4-C04,ILE
QRP-CD2,TRP
QRP-C,ASN
QRP-CAN,GLN
QRP-CAH,ALA
QRP-CAJ,ALA
QTE-C1,LEU
QTE-C4,VAL
QU5-SAG,CYS
QU5-CAC,ALA
QU5-CAA,ALA
QU5-OAH,SER
QU5-CAE,VAL
R0K-C1,GAN
R0K-C,GLY
R0K-C6,GAN
R0K-CD,GLN
R16-C29,ILE
R16-C33,ILE
R16-C36,ILE
R16-C41,ILE
R2G-O4,SER
R2G-C3,THR
R2G-C5,THR
R6E-C,GLY
R6E-CG,ILE
R6E-CB2,ALA
R6E-CG2,ALA
R6E-CZ,ALA
R6E-CH,ALA
R9C-C7,TRP
R9C-C12,PHE
R9C-C24,ALA
R9C-C15,GAN
R9C-C9,ALA
R9C-C14,ALA
R9J-C1,PHE
R9J-C10,GLY
R9J-C8,ALA
R9J-C9,ALA
R9S-C1,PHE
R9S-C8,ASN
RDM-C1,ASN
RDM-C5,PHE
RDM-C11,GAN
RE6-C02,GAN
RE6-C80,ILE
RE6-C79,ALA
RED-C1,GAN
RED-S8,CYS
RED-S6,CYS
RED-C7,ALA
RED-C4,ALA
RED-C5,ALA
REZ-CZ1,GLY
REZ-C1,GLN
REZ-C,GAN
REZ-CG1,ALA
REZ-CD1,ALA
RF8-C02,GAN
RF8-C18,GAN
RF8-C08,ILE
RF8-C12,ILE
RF8-C14,ALA
RF8-C15,ALA
RF9-C,GLY
RF9-CG,ILE
RF9-CX2,GLY
RF9-C1,ALA
RGD-C02,THR
RGD-C11,THR
RGD-C14,GLN
RGD-C04,THR
RGD-C08,VAL
RGD-C18,ALA
RGD-C19,ALA
RGU-C07,PHE
RGU-C02,GLN
RGU-C05,ALA
RHJ-C14,GLN
RHJ-C02,THR
RHJ-C18,ALA
RHJ-C19,ALA
RHJ-C12,THR
RHJ-C09,ALA
RHJ-C04,THR
RHJ-C06,ALA
RHJ-C07,ALA
RHY-C02,ASN
RHY-C16,HIE
RHY-C10,THR
RHY-C06,VAL
RHY-C11,ALA
RJ0-C01,ALA
RJ0-C03,ASN
RJ0-C06,ALA
RJ0-C08,PHE
RLG-C13,ALA
RLG-C05,PHE
RLG-C11,ALA
RLG-C02,ASN
RNG-C,GAN
RNG-CF,VAL
RNG-C1,GLN
RNG-C2,ASN
RON-C,GLY
RON-CG,VAL
ROP-CG,GLN
RQB-C01,ALA
RQB-C17,TRP
RQB-C15,ASN
RQB-C08,GLN
RQB-C13,ALA
RQB-C12,ALA
RRI-C02,ASN
RRI-C05,ALA
RRI-C07,PHE
RSF-C3,THR
RSF-C5,THR
RSF-C1,THR
RSG-C1,THR
RSG-O1,SER
RSG-C5,THR
RSG-C4,ALA
RSO-C4,PHE
RSO-O14,SER
RVM-O3,SER
RVM-O2,SER
RVM-C1,THR
RVM-C5,THR
RVM-C6,ALA
RVM-C3,ALA
RWB-O37,SER
RWB-C35,THR
RWB-C32,THR
RWB-C29,THR
RWB-C26,THR
RWB-C23,THR
RWB-C20,THR
RWB-C17,THR
RWB-C14,THR
RWB-C11,THR
RWB-C8,THR
RWB-C2,THR
RWB-C5,THR
RXK-C01,ILE
RXK-C07,GAN
RZ4-C,GLY
RZ4-CE,LEU
RZ4-OG,SER
S2K-C12,GLY
S2K-C08,GLY
S2K-C06,GLN
S2K-C01,GAN
S2K-C10,ALA
S2K-C09,ALA
S3J-C12,GLY
S3J-C5,PHE
S3J-C,ALA
S3J-C1,ALA
S3J-C2,ALA
S3J-C3,ALA
S5Y-S,CYS
S5Y-O1,SER
S5Y-C2,THR
S5Y-C1,ALA
S5Y-C,ALA
S8H-C13,GLY
S8H-S1,CYS
S8H-C6,ASN
S8H-C9,GLN
S8H-C4,EST
S8H-C1,ALA
S8H-C3,ALA
S9G-C17,ALA
S9G-C07,ALA
S9G-C08,ALA
S9G-C18,ALA
S9G-C10,GLN
S9G-C15,THR
S9G-C02,GLN
S9G-C05,ALA
S9X-C,GLY
S9X-CD1,ILE
S9X-CG,ILE
SAR-C,GLY
SAR-CN,ALA
SBU-C3,ILE
SCC-S,CYS
SCC-C2,ALA
SCH-C,GLY
SCH-SG,CYS
SCH-SD,CYS
SCS-C,GLY
SCS-SG,CYS
SCS-SD,CYS
SCS-CE,ALA
SEG-C,GLY
SEG-OD,SER
SEM-C,GLY
SEM-OG,SER
SEM-C1',PHE
SEO-OB1,SER
SEO-SG,CYS
SER-C,GLY
SER-OG,SER
SEZ-CT1,PHE
SEZ-C2,ALA
SEZ-CD,ALA
SGO-C11,GAN
SGO-C23,PHE
SGO-C4,ASN
SGO-C15,PHE
SGO-C18,VAL
SHC-C,GLY
SHC-SG,MET
SHC-C4,ILE
SHO-C,GAN
SHO-CD,THR
SHR-C11,GLY
SHR-C8,ILE
SHR-C5,GLY
SHR-C1,GAN
SHV-C1,GAN
SHV-C6,ILE
SIU-C23,PHE
SIU-C3,ASN
SIU-C5,GAN
SIU-C27,ALA
SIU-C16,PHE
SIU-C19,VAL
SJ3-C05,THR
SJ3-C08,GAN
SKG-C,GLY
SKG-CG,ILE
SKG-CD2,ALA
SKJ-C,GLY
SKJ-CG2,ILE
SKJ-CAA,ALA
SL5-C,GLY
SL5-C9,THR
SL5-C6,THR
SL5-CB,THR
SLE-S,CYS
SLE-C1,GAN
SLE-C4,VAL
SMB-C1,ALA
SMB-C5,GAN
SMB-C4,ALA
SMC-C,GLY
SMC-SG,CYS
SMC-CS,ALA
SNM-C,GLY
SNM-OG,SER
SNM-C1,ALA
SNM-C2,ALA
SOW-C,GLY
SOW-CG,ASN
SPB-C20,GAN
SPB-C16,ASN
SPB-C6,PHE
SPB-C9,PHE
SPK-N1,ETA
SPK-C3,ALA
SPK-N14,ETA
SPK-C12,ALA
SPK-N5,ETA
SPK-C8,ILE
SPK-N10,ETA
SPL-C1,THR
SPL-C19,GLN
SPL-C3,THR
SPL-C23,ILE
SPL-C26,ALA
SPL-C7,ILE
SPL-C10,ILE
SPL-C14,ILE
SPL-C17,ALA
SPL-C18,ALA
SQU-C2,LEU
SQU-C6,ILE
SQU-C11,ILE
SQU-C15,ILE
SQU-C21,ILE
SQU-C26,ILE
SQU-C28,VAL
SR0-N10,ETA
SR0-C8,ALA
SR0-C3,LYS
SR0-N6,ETA
SSC-C6S,GAN
SSC-CS,GLY
SSC-CSS,ALA
SSC-C3S,ALA
SSP-S1,CYS
SSP-S2,CYS
SSP-CA1,ALA
SSP-CB1,ALA
SSP-CA2,ALA
SSP-CB2,ALA
STE-C1,GAN
STE-C5,ILE
STE-C10,ILE
STE-C14,ILE
STE-C17,VAL
SWW-C,GLY
SWW-S06,CYS
SWW-C08,THR
SYN-CAH,PHE
SYN-CAA,ALA
SYT-O18,SER
SYT-C10,TYR
SYT-N7,CHL
SYT-C3,TYR
SYT-O17,SER
SZF-C25,ALA
SZF-C,GLY
SZF-C38,TRP
SZF-O31,SER
SZQ-C10,EST
SZQ-C04,TYR
SZQ-O13,SER
T09-C,GLY
T09-C02,ILE
T09-C05,VAL
T2C-C04,GLY
T2C-C02,ALA
T2C-S01,CYS
T2Y-C1,ASN
T2Y-C8,TYR
T2Y-O2,SER
T3R-C52,ALA
T3R-C,GLY
T3R-C71,ILE
T3R-C73,ALA
T55-C,GAN
T55-CAE,VAL
T55-CAI,ILE
T6N-C11,ALA
T6N-S,CYS
T6N-C2,TYR
T6N-C10,GLN
T6N-C,ALA
T7H-C13,GLY
T7H-C,GAN
T7H-CA,ALA
T7H-S1,CYS
T7S-C1,ASN
T7S-C7,GLN
T7S-C6,ALA
T7S-C10,ILE
T7S-C12,ALA
T7S-C2,ALA
T7S-C3,ALA
T8A-C02,ASN
T8A-C07,PHE
T8A-C14,PHE
T8A-C20,ALA
T8S-C10,ASN
T8S-C3,ALA
T8S-C1,VAL
T8S-C4,GLN
T8S-C7,ALA
T8S-C8,ALA
T8S-C9,ALA
T8Y-C6,ASN
T8Y-C4,ALA
T8Y-C5,ALA
T8Y-C1,ASN
T8Y-C2,ALA
T8Y-C3,ALA
T9B-O02,SER
T9B-C06,PHE
T9B-C11,GLN
T9B-C16,THR
T9Q-C08,PHE
T9Q-O02,SER
T9Q-C04,ASN
TA8-C4,GAN
TA8-C3,GAN
TA8-C2,GAN
TA8-C1,GAN
TAY-CAF,GLN
TAY-CAB,ALA
TAY-CAC,ALA
TBA-C12,LYS
TBA-C22,ILE
TBA-C33,ILE
TBA-C43,ILE
TBG-C,GLY
TBG-CB,LEU
TBM-C,GLY
TBM-CT,ALA
TBM-CN,ALA
TBM-CZ,ALA
TBM-CH,ALA
TBM-CB,THR
TBM-CD1,ALA
TBM-CD2,ALA
TBM-CE,ALA
TBU-C,THR
TBU-C2,ALA
TBU-C3,ALA
TC9-O37,SER
TC9-C13,TYR
TC9-C9,TYR
TC9-N1,ETA
TC9-C43,ALA
TC9-C6,ALA
TC9-O40,SER
TC9-N20,CHL
TC9-C27,TYR
TC9-C31,TYR
TCR-C,GLY
TCR-CD2,TRP
TCR-C9,ALA
TDA-C21,GAN
TDA-C26,ILE
TDA-C30,ILE
TDA-C32,ALA
TDA-C33,ALA
TDD-C,GLY
TDD-CB,LEU
TEA-C12,ALA
TEA-C22,ALA
TEA-C32,ALA
TEA-N,ETA
TEA-C21,ALA
TEA-C31,ALA
TFB-CD,THR
TFB-C,GAN
TH5-CAH,EST
TH5-CG2,ALA
TH5-C,GLY
THR-C,GLY
THR-CB,THR
TMA-N1,CHL
TMB-C,GLY
TMB-CT,ALA
TMB-CN,ALA
TMB-CZ,ALA
TMB-CH,ALA
TMB-CB,THR
TMB-CD1,ALA
TMB-CD2,ALA
TMB-CE,ALA
TMD-C,GLY
TMD-CN,ALA
TMD-CB,THR
TMD-CZ,ILE
TMD-CD2,ALA
TME-C2,VAL
TMR-C1,THR
TMR-C3,THR
TMR-C5,THR
TMR-S4,CYS
TNA-C12,GAN
TNA-C11,GLY
TNA-C5,GLY
TNA-C7,ALA
TNA-C6,ALA
TNA-C,GLY
TNA-C3,ALA
TNA-C2,ALA
TOE-CA',THR
TOE-CD',THR
TOE-CG',THR
TOE-OI',SER
TON-C4,THR
TON-C2,THR
TON-C16,TYR
TON-C8,ALA
TON-C7,ALA
TON-C9,LEU
TON-C10,ALA
TPA-C1',PHE
TPA-N,ETA
TPA-C3,ALA
TPJ-C16,LEU
TPJ-C,GLY
TPJ-CG,VAL
TQO-C17,GAN
TQO-C14,PHE
TQO-C1,ILE
TQO-C7,ALA
TQO-C15,ALA
TQO-C16,ALA
TQO-C8,THR
TQO-O5,SER
TR7-C,GLY
TR7-CD2,TRP
TR7-CAJ,ALA
TRD-C3,ILE
TRD-C7,ILE
TRD-C11,ILE
TRD-C13,ALA
TRP-C,GLY
TRP-CD2,TRP
TRS-N,ETA
TRS-O1,SER
TRS-O2,SER
TRS-O3,SER
TRT-O24,SER
TRT-C22,THR
TRT-C19,THR
TRT-C16,THR
TRT-C9,PHE
TRT-C8,ALA
TRT-C7,ALA
TRT-C1,LEU
TRT-C3,ALA
TS8-S,CYS
TS8-CAW,EST
TS8-CAX,EST
TS8-O5,SER
TS8-CAY,EST
TS8-CAG,EST
TS9-C,GLY
TS9-CB,THR
TS9-CG1,THR
TSA-C11,GAN
TSA-C10,GAN
TSA-C4,THR
TSA-C5,THR
TSO-C2',GAN
TSO-C7,GAN
TSO-C4,THR
TSO-C5,THR
TT0-C35,THR
TT0-O32,SER
TT0-C38,THR
TT0-C91,THR
TT0-C88,THR
TT0-O78,SER
TT0-C02,ILE
TT0-C42,ILE
TT0-C30,ILE
TT0-C80,ALA
TT0-C76,ILE
TT0-C75,ALA
TT0-C26,ILE
TT0-C81,ALA
TT0-C69,ILE
TT0-C70,ALA
TT0-C21,ILE
TT0-C82,ALA
TT0-C66,ILE
TT0-C65,ALA
TT0-C18,ILE
TT0-C83,ALA
TT0-C61,ILE
TT0-C60,ALA
TT0-C06,LEU
TT0-C45,LEU
TT0-C09,ILE
TT0-C49,ILE
TT0-C51,ALA
TT0-C13,ILE
TT0-C15,ALA
TT0-C84,ALA
TT0-C55,ILE
TT0-C56,ALA
TVP-C11,ASN
TVP-C2,VAL
TVP-C5,PHE
TWN-CAE,GAN
TWN-CAM,ILE
TWN-CAS,ILE
TWN-CAC,VAL
TWN-CAD,THR
TWN-CAN,ALA
TWN-CAV,ILE
TWN-CAY,ALA
TWT-C2,ILE
TWT-C7,ILE
TWT-C11,ILE
TWT-C14,ILE
TWT-C19,ILE
TWT-C21,ALA
TWT-C22,ALA
TY1-C,GLY
TY1-CL,TYR
TY1-CBL,LEU
TY5-C,GLY
TY5-CZ,TYR
TY5-C50,PHE
TYR-C,GLY
TYR-CE1,TYR
TZR-C10,ASN
TZR-C3,PHE
TZR-C9,ALA
TZR-C,THR
TZR-C12,ALA
U29-C1,ASN
U29-C5,VAL
U29-C7,GAN
U29-C8,ALA
U2M-C,GLY
U2M-CG,ILE
U2M-SH,CYS
U2X-C,GLY
U2X-CE2,TYR
U2X-C3,LEU
U2X-C6,VAL
U3R-C11,ASN
U3R-C4,PHE
U3R-C10,ALA
U3R-C1,GAN
U46-CAW,GAN
U46-CAP,ALA
U46-CAO,ALA
U46-CAI,THR
U46-CAD,ILE
U46-CAL,ILE
U46-CAV,ALA
U46-CAE,ILE
U46-OAS,SER
U5N-C07,EST
U5N-C04,ALA
U5N-C05,ALA
U78-C2,ASN
U78-C3,ALA
U78-C5,PHE
U78-C11,ALA
U9D-O6,SER
U9D-O3,SER
U9D-O2,SER
U9D-C1,THR
U9D-C5,THR
U9D-C6,ALA
U9D-C3,ALA
U9V-C31,GAN
U9V-C35,ILE
U9V-C21,GAN
U9V-C3A,ILE
U9V-C26,ILE
U9V-C1,ALA
U9V-C2,ALA
U9V-C3D,ILE
U9V-C3G,ALA
U9V-C29,ILE
U9V-C2D,ILE
UB9-O11,SER
UB9-C05,TYR
UB9-O08,SER
UCQ-C1,ALA
UCQ-C8,GLY
UCQ-C,ALA
UCQ-C4,HID
UCQ-C7,ALA
UDI-S6,CYS
UDI-S1,CYS
UDI-C4,ALA
UDI-C3,ALA
UE0-C8,ASN
UE0-C17,PHE
UE0-C3,VAL
UE0-C6,GAN
UG6-C5,ASN
UG6-C8,EST
UG6-S3,CYS
UGU-C1,GAN
UGU-C4,ALA
UGU-C5,ALA
UGU-C9,THR
UGU-C6,ALA
UGU-C7,ALA
UGU-C11,THR
UGU-C10,ALA
UGU-C13,ALA
UGU-C15,THR
UGU-C18,ILE
UGU-C20,ALA
UGW-C08,TYR
UGW-C12,LEU
UGW-C01,ALA
UGW-C03,ALA
UGW-C04,ALA
UHH-C24,GLN
UHH-C13,THR
UHH-C17,THR
UHH-C4,THR
UHH-C9,ILE
UHH-C10,ALA
UHH-C6,ILE
UHH-C2,ILE
UHH-C11,ALA
UHH-C19,ALA
UJM-C02,GAN
UJM-S05,CYS
UJM-C07,ALA
UJO-C12,GLN
UJO-C03,ILE
UJO-C16,THR
UJO-C06,ILE
UJO-C09,ALA
UJO-C18,THR
UJO-C22,ILE
UJO-C25,ILE
UJO-C29,ILE
UJO-C32,ALA
UJP-C02,GAN
UJP-S05,CYS
UJP-C07,ALA
UK6-C16,ALA
UK6-C9,THR
UK6-C17,ALA
UK6-C13,THR
UK6-C14,ALA
UK6-C15,ALA
UK6-C10,ILE
UK6-C,ALA
UK6-C4,ILE
UK6-C18,ALA
UK6-C6,ALA
UK6-C7,ALA
UKX-C1,GLN
UKX-C4,ALA
UKX-C5,GLN
UKX-C8,ALA
ULI-CAC,ILE
ULI-CAG,ILE
ULI-CAK,ILE
ULI-CAN,ILE
ULI-CAR,ILE
ULI-CAV,ILE
ULI-CBJ,ILE
ULI-CBG,ILE
ULI-CAX,ILE
ULI-CBC,ILE
UN1-C1',GAN
UN1-C,GLY
UN1-C5,ALA
UND-C3,ILE
UND-C7,ILE
UND-C10,VAL
UNK-C,GLY
UNK-CB,ALA
UNK-CG,ALA
UPL-C2,ILE
UPL-C6,ILE
UPL-C10,ILE
UPL-C15,ILE
UPL-C27,ILE
UPL-C18,ILE
UPL-C32,ILE
UPL-C34,ALA
UPL-C22,ILE
UPL-C25,ALA
UV1-C10,PHE
UV1-C6,GLN
UV1-O,SER
UWI-C5,GLN
UWI-O,SER
UWI-C1,ALA
UWI-C,ALA
UYG-C6,TRP
UYG-C,ASN
UYG-C15,GLN
UYG-C13,ALA
UYG-C14,ALA
UYM-C6,TRP
UYM-C,ASN
UYM-C15,ASN
UYM-C38,TRP
UZA-C,GLY
UZA-CB1,ALA
UZA-C06,VAL
UZA-C09,ILE
V0U-O02,SER
V0U-C06,TRP
V0U-C20,ASN
V0U-C25,PHE
V0U-C31,ASN
V0U-C14,ILE
V0U-C16,ALA
V1J-C39,THR
V1J-O19,SER
V1J-C35,THR
V1J-C33,THR
V1J-C31,THR
V1J-C29,THR
V1J-C27,THR
V1J-C25,THR
V1J-C23,THR
V1J-C21,THR
V1J-C19,THR
V1J-C17,THR
V1J-C15,THR
V1J-C13,THR
V1J-C11,THR
V1J-C7,THR
V1J-C9,THR
V1L-C04,GLN
V1L-C08,ALA
V1L-C02,ALA
V29-C11,GLY
V29-C3,PHE
V29-C9,THR
V29-C10,ALA
V2X-C10,ASN
V2X-C1,PHE
V2X-C9,GLN
V2X-C7,ALA
V3C-C,GLY
V3C-CG,VAL
V3C-C53,ALA
V3C-C56,ALA
V5P-O04,SER
V5P-O16,SER
V5P-C13,TYR
V5P-C03,TYR
V6F-C07,ALA
V6F-C10,ASN
V6F-C02,THR
V6F-C05,GLN
V7S-S2,CYS
V7S-C4,PHE
V7S-S8,CYS
V7S-C9,ALA
V8E-C9,GLY
V8E-C7,ALA
V8E-C6,ALA
V8E-C5,ALA
V8E-C4,ALA
V8E-C3,GLN
V8E-C,ALA
V8G-CAD,GAN
V8G-CAF,ILE
V8G-CAI,ILE
V9M-C,GAN
V9M-CG1,ALA
V9M-CG2,ALA
V9M-N,ETA
V9M-C42,ILE
V9M-C45,LEU
V9M-C48,ALA
V9X-C10,ASN
V9X-C4,TRP
VA-C20,EST
VA-C4,ILE
VA-C7,ILE
VA-C10,ALA
VA-C11,ALA
VA-C14,ILE
VA-C17,VAL
VAL-C,GLY
VAL-CB,VAL
VB1-C1,GLY
VB1-S17,CYS
VB1-C13,ASN
VB1-C3,ALA
VB1-C10,GLN
VB1-C31,GAN
VB1-C32,ALA
VC2-C,GLY
VC2-SAE,CYS
VC2-SAI,MET
VC2-CG1,ALA
VC2-SAH,CYS
VC2-CAK,ALA
VCA-C1,GAN
VCA-C5,ILE
VCA-C10,ILE
VCA-C13,ILE
VCA-C17,VAL
VD6-C9,ILE
VD6-C12,GLY
VD6-C3,PHE
VDK-C10,GAN
VDK-N1,ETA
VDK-C9,ALA
VDK-C4,ALA
VDK-C5,ALA
VF4-C02,THR
VF4-C06,ILE
VF4-C08,ALA
VGJ-C15,GAN
VGJ-C16,ALA
VGJ-C10,ILE
VGJ-C17,ALA
VGJ-C7,ILE
VGJ-C18,ALA
VGJ-C3,ILE
VGJ-C19,ALA
VGJ-C20,ALA
VKV-C21,VAL
VKV-C19,VAL
VKV-C24,VAL
VKV-C08,ILE
VKV-C14,THR
VKV-O02,SER
VKV-C11,ALA
VKV-C16,ALA
VKV-C06,THR
VKV-C09,VAL
VL7-C18,VAL
VL7-C02,GAN
VL7-C21,ILE
VL7-C13,ILE
VL7-C05,THR
VL7-O08,SER
VL7-C24,ALA
VL7-C25,ALA
VL7-C15,ALA
VL7-C16,ALA
VLP-C01,THR
VLP-O03,SER
VLP-C04,GAN
VLP-C18,ILE
VLP-C14,ILE
VLP-C10,ILE
VLP-C07,ALA
VLS-C10,GLY
VLS-C02,THR
VLS-O05,SER
VLS-O07,SER
VLX-C7,VAL
VLX-C6,GLN
VLX-C2,ALA
VLX-C9,GLN
VLX-C11,ALA
VLZ-C16,GAN
VLZ-C18,THR
VLZ-O04,SER
VLZ-C07,ILE
VLZ-C10,ILE
VLZ-C15,ALA
VME-C,GLY
VME-CB,VAL
VME-CM,ALA
VN9-C11,PHE
VN9-C03,ASN
VNK-C24,ALA
VNK-C25,ALA
VNK-C1,GLN
VNK-C30,VAL
VNK-C5,GLN
VNK-C26,ALA
VNK-C4,ALA
VNK-C9,GLN
VNK-C10,ASN
VNK-C16,THR
VNK-C13,LEU
VNK-C17,VAL
VP0-C12,GAN
VP0-C1,ASN
VP0-C4,PHE
VP0-C2,ALA
VRH-O3,SER
VRH-C9,ASN
VRH-O,SER
VRH-C4,TYR
VTG-C4,PHE
VTG-O1,SER
VTL-C6,TYR
VTL-O2,SER
VTL-O,SER
VXG-C11,ASN
VXG-C4,PHE
VXG-C10,ALA
VXG-C1,GAN
VY9-C07,GLY
VY9-C02,GAN
VY9-C12,ILE
VY9-C15,VAL
VZB-C12,ASN
VZB-C1,THR
VZB-C5,ILE
VZB-C15,GLN
VZB-C18,ILE
VZB-C25,ALA
VZB-C8,THR
VZB-C24,GLN
VZB-C21,ALA
VZB-C22,ALA
W05-C1,GLY
W05-S17,CYS
W05-C13,ASN
W05-C31,GAN
W05-C3,ALA
W05-C10,GLN
W0K-C02,ASN
W0K-C05,ALA
W0K-S07,CYS
W21-C8,GAN
W21-C2,GLN
W21-C6,VAL
W2L-CAJ,GAN
W2L-CAE,ILE
W2L-CAD,ALA
W2L-CAA,ALA
W2L-CAB,ALA
W2S-C1,PHE
W2S-C9,GAN
W2S-O2,SER
W2S-C11,ALA
W2V-C3,PHE
W2V-O,SER
W2V-C9,THR
W2V-C12,GAN
W8E-C15,THR
W8E-O3,SER
W8E-C9,PHE
W8E-C19,THR
W8E-C6,TYR
W8E-C18,THR
W8E-C23,THR
W8O-O2,SER
W8O-O5,SER
W8O-O6,SER
W8O-C10,PHE
W8O-C6,TYR
W8O-C14,THR
W8O-C11,THR
W92-C13,GLY
W92-C12,GAN
W92-O01,SER
W92-C11,ALA
WBB-O1,SER
WBB-C8,ASN
WBB-C1,PHE
WEH-C,GLY
WEH-C09,GLN
WEH-C02,ALA
WET-C,GLY
WET-C09,TYR
WET-C05,ALA
WGN-C11,GAN
WGN-S16,MET
WGN-C19,ILE
WGN-C23,ILE
WGN-C27,VAL
WH8-C11,GAN
WH8-S16,MET
WH8-C19,ILE
WH8-C23,VAL
WH8-C26,ILE
WK3-C1,ALA
WK3-C17,ALA
WK3-C5,ASN
WK3-N3,ETA
WK3-C16,ALA
WK3-C19,PHE
WK3-C8,PHE
WK3-C14,ALA
WKG-C02,ASN
WKG-C06,ILE
WKG-C09,ALA
WKG-C12,ILE
WKG-C15,ALA
WKG-C14,ALA
WLU-C,GLY
WLU-CN,ALA
WLU-CB,ALA
WLU-CG1,THR
WLU-CG2,ALA
WLY-C02,PHE
WLY-C07,ASN
WLY-C11,ILE
WLY-O15,SER
WM2-C7,GLN
WM2-C3,ILE
WMA-C6,TRP
WMA-C,ASN
WMA-C15,GLN
WMA-C13,ALA
WNF-C01,ILE
WNF-C07,GAN
WNF-O13,SER
WNF-C16,PHE
WPA-C,GLY
WPA-CG,PHE
WPA-OB,SER
WT4-C12,GLY
WT4-S1,CYS
WT4-C7,GLN
WT4-C10,ALA
WT4-C3,GLN
WT4-S,CYS
WT4-C13,GAN
WU3-C11,GAN
WU3-S14,CYS
WU3-C17,ILE
WU3-C22,ILE
WU3-C25,VAL
WU8-C26,ILE
WU8-C23,ILE
WU8-C19,ILE
WU8-S16,CYS
WU8-C11,GAN
WU8-C14,ALA
WUX-C31,EST
WUX-C29,GAN
WUX-C11,THR
WUX-C24,ALA
WUX-C3,THR
WUX-C25,ALA
WUX-C1,ALA
WUX-C5,ILE
WUX-C19,ALA
WUX-C30,ILE
WUX-C27,ALA
WUX-C14,ILE
WUX-C21,ALA
WUX-C7,ILE
WUX-C9,ALA
WWE-C11,GAN
WWE-C14,ALA
WWE-C15,ALA
WWE-S16,CYS
WWE-C19,ILE
WWE-C23,ILE
WWE-C27,VAL
WWK-C11,GAN
WWK-S14,CYS
WWK-C18,ILE
WWK-C22,ILE
WWK-C25,VAL
WZJ-C,GLY
WZJ-CG1,ILE
WZJ-CN,ALA
X1G-C9,GLN
X1G-C12,ALA
X1G-C13,ALA
X1G-C6,TYR
X1G-O2,SER
X3H-C14,ALA
X3H-C13,ALA
X3H-O09,SER
X3H-C01,GAN
X3H-C04,ILE
X3H-C07,THR
X3H-C18,ALA
X3H-C09,ILE
X3H-C12,ALA
X3H-C11,ALA
X5H-C11,ALA
X5H-C1,ALA
X5H-C4,GAN
X5H-C,GLY
X5H-C31,ALA
X60-C,GLY
X60-CG1,VAL
X60-CB2,ALA
X60-CG2,ALA
X6E-C,GLY
X6E-CG1,VAL
X6E-CB2,ALA
X6E-CG2,ALA
X8Z-S,CYS
X8Z-C4,GLN
X8Z-C9,GAN
X8Z-C5,ALA
X8Z-C6,ALA
X90-C21,GAN
X90-C25,ILE
X90-C29,ILE
X90-C33,ILE
X90-C35,ALA
X90-C36,ALA
X92-CAS,GLY
X92-CAV,PHE
X92-CAP,ALA
X92-C,GLN
X92-CAT,GAN
X92-CAO,ILE
X92-CAY,ALA
X93-CAT,GLY
X93-CAQ,ALA
X93-CAW,PHE
X93-C,GLN
X93-CAU,GAN
X93-CAM,ILE
X93-CAO,ALA
X93-CAZ,ALA
X94-CAH,VAL
X94-CAP,GLY
X94-C,GLN
X94-CAQ,GAN
X94-CAJ,ILE
X94-CAL,ALA
X94-CAT,ALA
XA7-CAR,ILE
XA7-CAO,ALA
XA7-NAM,CHL
XA7-CAV,ILE
XA7-CAY,ALA
XA7-CAJ,ILE
XA7-CAG,ALA
XA7-CAB,ILE
XA7-CAE,ALA
XBG-CAL,VAL
XBG-CAT,GLY
XBG-CAY,VAL
XBZ-C5,PHE
XBZ-C9,ALA
XBZ-C1,ALA
XC0-C,GLY
XC0-C1,ILE
XC0-CB,ALA
XC0-CG,ALA
XDT-C,GLY
XDT-CB,THR
XDT-CD1,ALA
XH7-C02,GAN
XH7-S07,CYS
XH7-C08,ALA
XL1-CA,ALA
XL1-SG,CYS
XL3-SG,CYS
XL3-CA,ALA
XL3-CB,ALA
XLI-C,ASN
XLI-C1,GLN
XLI-CG,VAL
XLI-C2,GLN
XLI-SD,CYS
XLI-CE,ALA
XLI-C3,THR
XLI-CG2,LEU
XLI-C4,GLN
XLI-CB3,ALA
XLI-C21,ILE
XNG-C4,GAN
XNG-C1,ALA
XNG-C8,GLN
XNG-C13,ILE
XNG-C16,VAL
XOK-C,GLY
XOK-S6,CYS
XOK-CG,ILE
XOK-C1,GLN
XOK-C7,ALA
XOK-C8,ALA
XOK-C4,ALA
XOK-C5,ALA
XUQ-C13,THR
XUQ-C73,VAL
XUQ-C43,ILE
XUQ-C63,ALA
XW1-C,GLY
XW1-C1,GAN
XW1-C13,ALA
XW1-C14,ALA
XW1-C93,ALA
XW1-C94,ALA
XXA-C,GLY
XXA-CN,ALA
XXA-CH,ALA
XXA-CT,ALA
XXA-CZ,ALA
XXA-CB,THR
XXA-CD1,ALA
XXA-CE,ALA
XXA-CD2,ALA
XXC-C10,GAN
XXC-C1,VAL
XXC-C7,PHE
XYC-C,GLY
XYC-C04,LEU
XYC-C07,ALA
XYC-C06,ALA
Y24-C22,ALA
Y24-C23,GLN
Y24-C26,ALA
Y24-C29,GLN
Y24-C30,GLN
Y24-C33,ALA
Y24-C34,ALA
Y24-C37,GLN
Y24-C38,ALA
Y24-C39,GLN
Y24-C02,ILE
Y24-C06,ILE
Y24-C08,ALA
Y24-C09,ALA
Y39-CAM,GAN
Y39-CAK,ILE
Y39-CAG,ILE
Y39-CAD,ALA
Y39-CAA,ALA
Y73-C18,THR
Y73-C16,THR
Y73-C19,GLN
Y73-C3,ILE
Y73-C23,ILE
Y73-C6,ILE
Y73-C27,ILE
Y73-C10,ILE
Y73-C32,ILE
Y73-C13,ALA
Y73-C14,ALA
Y73-C36,ILE
Y73-C39,ILE
Y73-C42,ALA
YBR-C7,ALA
YBR-C,GLY
YBR-CD,GAN
YCM-C,GLY
YCM-SG,CYS
YCM-CE,ASN
YCP-C,GLY
YCP-CD,ILE
YD5-C4,GAN
YD5-C,GLY
YD5-C41,ALA
YEG-C01,VAL
YEG-C04,THR
YGM-C01,ALA
YGM-C05,PHE
YGM-C02,ALA
YGM-C03,ALA
YMA-C2,GLY
YMA-C10,ALA
YMA-C3,ALA
YMA-C11,ALA
YMA-C4,ALA
YMA-C13,GLY
YMA-C6,GLY
YMA-C15,ASN
YMA-C8,ASN
YMA-C16,ALA
YMA-S2,CYS
YMA-C9,ALA
YMA-S1,CYS
YNM-C,GLY
YNM-CZ,TYR
YNM-CM,ALA
YOG-C22,GAN
YOG-C24,THR
YOG-O04,SER
YOG-C06,ILE
YOG-C15,ALA
YOG-C19,ALA
YOG-C12,ILE
YOG-C14,ILE
YOG-C21,ALA
YRL-C06,TYR
YRL-O10,SER
YRV-C,GLY
YRV-CA9,PHE
YRV-SG,CYS
YRV-CA4,ALA
YTC-O02,SER
YTC-O09,SER
YTC-C05,PHE
YTC-O11,SER
YTC-C18,GAN
YTC-C16,ALA
YTC-C23,TYR
YTC-O29,SER
YTN-O05,SER
YTN-O06,SER
YTN-C14,PHE
YTN-O07,SER
YTN-O01,SER
YTN-C01,TYR
YTN-C12,GAN
YTN-C13,ALA
YVR-C5,GAN
YVR-C2,ALA
YVR-C7,ALA
YYA-C,GLY
YYA-CN,ALA
YYA-CH,ALA
YYA-CT,ALA
YYA-CZ,ALA
YYA-CB,THR
YYA-CD1,ALA
YYA-CE,ALA
YYA-CD2,ALA
YZY-C1,THR
YZY-C3,GAN
YZY-C19,ALA
YZY-C20,GAN
YZY-C8,ILE
YZY-C25,ILE
YZY-C12,ILE
YZY-C27,ALA
YZY-C15,ILE
YZY-C18,ALA
YZY-C28,ALA
YZY-C31,ILE
YZY-C35,ILE
YZY-C37,ALA
Z01-C,GLY
Z01-CB,ALA
Z01-C1,GLN
Z01-C21,ALA
Z01-C22,ALA
Z0P-C1,THR
Z0P-C4,GAN
Z0P-C3,ALA
Z0P-C20,GAN
Z0P-C9,ILE
Z0P-C24,ILE
Z0P-C12,ILE
Z0P-C29,ILE
Z0P-C17,ILE
Z0P-C19,ALA
Z0P-C33,ILE
Z0P-C36,VAL
Z1T-C19,GLN
Z1T-C18,THR
Z1T-C24,ILE
Z1T-C16,THR
Z1T-C27,ILE
Z1T-C3,ILE
Z1T-C31,ILE
Z1T-C6,ILE
Z1T-C35,ILE
Z1T-C10,ILE
Z1T-C39,ILE
Z1T-C42,ALA
Z1T-C13,ALA
Z1T-C14,ALA
Z2C-C2,GAN
Z2C-OAA,SER
Z2C-C19,PHE
Z2C-S1,MET
Z2C-C3,THR
Z2C-C9,THR
Z2C-C6,THR
Z2C-C5,ALA
Z2C-C13,ALA
Z2C-C14,ALA
Z3E-C,GLY
Z3E-C1,PHE
Z3E-CB,THR
Z3L-C21,EST
Z3L-O1,SER
Z3L-C31,EST
Z3L-C41,EST
Z3L-O5,SER
Z3L-C61,EST
Z4S-C7,ASN
Z4S-C4,THR
Z4S-C1,THR
Z4S-O6,SER
Z4S-O3,SER
ZAE-C,GLY
ZAE-CG,PHE
ZAE-C10,ALA
ZAL-C,GLY
ZAL-C1,LEU
ZAL-C4,VAL
ZAZ-C11,THR
ZAZ-C7,ILE
ZAZ-C3,ILE
ZAZ-C5,ALA
ZB6-S12,CYS
ZB6-C08,ASN
ZB6-C02,ILE
ZB6-C13,GAN
ZCW-C1,TRP
ZCW-O1,SER
ZDJ-C,GLY
ZDJ-CZ,TYR
ZDJ-CME,ALA
ZDP-CAP,GLY
ZDP-CAJ,VAL
ZDP-CAQ,GLY
ZDP-CAN,ALA
ZDR-CAN,ALA
ZDR-CAQ,GLY
ZDR-CAJ,VAL
ZDR-CAP,GLY
ZE7-C1,THR
ZE7-C5,ILE
ZE7-C9,ILE
ZE7-C11,ALA
ZE7-C12,ALA
ZEU-C1,GAN
ZEU-C5,ILE
ZEU-C9,THR
ZFC-C1,THR
ZFC-C4,ILE
ZFC-C8,ILE
ZFC-C11,ALA
ZG0-C08,ASN
ZG0-C02,PHE
ZG9-C11,ASN
ZG9-O1,SER
ZG9-C13,THR
ZG9-C2,ALA
ZG9-C14,THR
ZG9-O2,SER
ZG9-C5,THR
ZG9-O4,SER
ZG9-C9,THR
ZGB-C11,GAN
ZGB-C2,PHE
ZGB-O1,SER
ZGQ-C10,ASN
ZGQ-C02,PHE
ZGQ-C08,ALA
ZI5-C20,GLN
ZI5-C10,ALA
ZI5-C12,ALA
ZI5-C22,THR
ZI5-C23,ALA
ZI5-C6,VAL
ZI5-C1,VAL
ZI5-C7,LEU
ZI5-C15,ILE
ZI5-C18,ALA
ZI5-C19,ALA
ZIQ-C,GLY
ZIQ-CD2,TRP
ZIQ-C1,ALA
ZK2-O1,SER
ZK2-C7,PHE
ZM5-C16,GAN
ZM5-C3,ILE
ZM5-C17,ALA
ZM5-C19,THR
ZM5-C7,ILE
ZM5-C20,GAN
ZM5-C10,ILE
ZM5-C13,ALA
ZM5-C25,ILE
ZM5-C29,ILE
ZM5-C31,ALA
ZM5-C32,ALA
ZNY-C49,THR
ZNY-CG,VAL
ZNY-C,GLY
ZPJ-C04,GAN
ZPJ-C02,ALA
ZPM-C05,GAN
ZPM-C01,ALA
ZPM-C04,ALA
ZU0-C,GLY
ZU0-CB,THR
ZU0-C5,LEU
ZUW-C2,ASN
ZUW-C4,THR
ZUW-C10,PHE
ZUZ-C2,EST
ZUZ-C4,GLN
ZUZ-C9,ILE
ZYC-CAA,ALA
ZYC-CAM,EST
ZYC-OAK,SER
ZYC-CAO,TYR
