ZCD-C5,DGL
ZEE-C5,DGL
3MK-C5,DGL
GAL-C5,DGL
Z8T-C5,DGL
GXL-C5,DGL
4GL-C5,DGL
BGC-C5,DGL
Z2D-C5,DGL
GL0-C5,DGL
GIV-C5,DGL
BMA-C5,DGL
SDY-C5,DGL
GLC-C5,DGL
Z6H-C5,DGL
MAN-C5,DGL
AFD-C5,DGL
SHD-C5,DGL
GUP-C5,DGL
Z8H-C5,DGL
ALL-C5,DGL
Z0F-C5,DGL
4N2-C5,DGL
GLA-C5,DGL
WOO-C5,DGL
66O-C3,FUC
FCA-C3,FUC
FCB-C3,FUC
FUC-C3,FUC
FUL-C3,FUC
G6D-C3,FUC
RAM-C3,FUC
RM4-C3,FUC
UBO-C3,FUC
XXR-C3,FUC
YYK-C3,FUC
A2G-C2,NGL
BM3-C2,NGL
BM7-C2,NGL
HSQ-C2,NGL
LXB-C2,NGL
LXZ-C2,NGL
NAA-C2,NGL
NAG-C2,NGL
NDG-C2,NGL
NGA-C2,NGL
NGZ-C2,NGL

