#Full name, UA Code, SMILES
ALASCA-AC,ALA,C
ARGSCA-AC,ARG,CCCNC(N)=[NH2+]
LYSSCA-AC,LYS,CCCC[NH3+]
HIDSCA-AC,HID,Cc1cnc[nH]1
HIESCA-AC,HIE,Cc1c[nH]cn1
ASPSCA-AC,ASP,CC(=O)[O-]
GLUSCA-AC,GLU,CCC(=O)[O-]
SERSCA-AC,SER,CO
THRSCA-AC,THR,CCO
ASNSCA-AC,ASN,CC(N)=O
GLNSCA-AC,GLN,CCC(N)=O
CYSSCA-AC,CYS,CS
GLY-AC,GLY,NCC(=O)O
PRO-AC,PRO,O=C(O)C1CCCN1
VALSCA-AC,VAL,CCC
ILESCA-AC,ILE,CCCC
LEUSCA-AC,LEU,CC(C)C
METSCA-AC,MET,CCSC
PHESCA-AC,PHE,Cc1ccccc1
TYRSCA-AC,TYR,Cc1ccc(O)cc1
TRPSCA-AC,TRP,Cc1c[nH]c2ccccc12
HIPSCA-AC,HIP,Cc1c[nH]c[nH+]1
ETA-AC,ETA,C[NH3+]
PHO-AC,PHO,COP(=O)([O-])OC
CHL-AC,CHL,C[N+](C)(C)C
DGL-AC,DGL,OCC1OC(O)C(O)C(O)C1O
EST-AC,EST,COC(C)=O
CYMSCA-AC,CYM,C[S-]
GANSCA-AC,GAN,CCC(=O)O
ALASCA-JS,X00,C
ARGSCA-JS,X01,CCCNC(N)=[NH2+]
ASNSCA-JS,X02,CC(N)=O
ASPSCA-JS,X03,CC(=O)[O-]
CYSSCA-JS,X04,CS
GLNSCA-JS,X05,CCC(N)=O
GLUSCA-JS,X06,CCC(=O)[O-]
HIDSCA-JS,X07,Cc1cnc[nH]1
HIESCA-JS,X08,Cc1c[nH]cn1
ILESCA-JS,X09,CCCC
LEUSCA-JS,X0A,CC(C)C
LYSSCA-JS,X0B,CCCC[NH3+]
METSCA-JS,X0C,CCSC
PHESCA-JS,X0D,Cc1ccccc1
SERSCA-JS,X0E,CO
THRSCA-JS,X0F,CCO
TRPSCA-JS,X0G,Cc1c[nH]c2ccccc12
TYRSCA-JS,X0H,Cc1ccc(O)cc1
VALSCA-JS,X0I,CCC
HIPSCA-JS,X0J,Cc1c[nH]c[nH+]1
CHL-JS,X0K,C[N+](C)(C)C
ETA-JS,X0L,C[NH3+]
PHO-JS,X0M,COP(=O)([O-])OC
EST-JS,X0N,COC(C)=O
DGL-JS,X0O,OCC1OC(O)C(O)C(O)C1O
PROSCA-JS,X0P,C1CC1
CYMSCA-JS,X0Q,C[S-]
DMEP-JS,X0R,COP(=O)([O-])OC
NC4-JS,X0S,C[N+](C)(C)C
MAS-JS,X0T,COC(C)=O
HSPSCA-JS,X0U,Cc1c[nH]c[nH+]1
MAMM-JS,X0V,C[NH3+]
GLY,X0W,NCC(=O)O
PRO,X0X,O=C(O)C1CCCN1
GANSCA-JS,X0Y,CCC(=O)O
GLUPSCA-JS,X0Z,CCC(=O)O
ASPPSCA-JS,X10,CC(=O)O
AFUC-JS,X11,CC1OC(O)C(O)C(O)C1O
BGLCNA-JS,X12,CC(=O)NC1C(O)OC(CO)C(O)C1O
AMAN-JS,X13,OCC1OC(O)C(O)C(O)C1O
BGLC-JS,X14,OCC1OC(O)C(O)C(O)C1O
ETHANE-AC,X15,CC
PROPANE-AC,X16,CCC
ETHENE-AC,X17,C=C
PROPENE-AC,X18,C=CC
BUTENE1-AC,X19,C=CCC
BUTENE2-AC,X1A,CC=CC
BUTENE13-AC,X1B,C=CC=C
PROSCA-AC,X1C,C1CC1
DMEP-AC,X1D,COP(=O)([O-])OC
NC4-AC,X1E,C[N+](C)(C)C
MAS-AC,X1F,COC(C)=O
HSPSCA-AC,X1G,Cc1c[nH]c[nH+]1
MAMM-AC,X1H,C[NH3+]
GLY-JS,X1I,NCC(=O)O
PRO-JS,X1J,O=C(O)C1CCCN1
GLUPSCA-AC,X1K,CCC(=O)O
ASPPSCA-AC,X1L,CC(=O)O
AFUC-AC,X1M,CC1OC(O)C(O)C(O)C1O
BGLCNA-AC,X1N,CC(=O)NC1C(O)OC(CO)C(O)C1O
AMAN-AC,X1O,OCC1OC(O)C(O)C(O)C1O
BGLC-AC,X1P,OCC1OC(O)C(O)C(O)C1O
CS-3-AC,X1Q,CC(CN)O
CS-173-AC,X1R,CC(=N)O
CS-210-AC,X1S,CC(=O)CN
CS-218-AC,X1T,[NH4+]
CS-234-AC,X1U,C(CN)C(=O)O
CS-270-AC,X1V,C(=O)(N)[O-]
CS-271-AC,X1W,C(=O)(N)O
CS-280-AC,X1X,C(C(=O)O)ON
CS-387-AC,X1Y,CC(C)[N+](=O)[O-]
CS-582-AC,X1Z,CC(C(=O)O)N
CS-693-AC,X20,C(=O)N
CS-730-AC,X21,C(C(=O)O)N
CS-949-AC,X22,C(=O)(C(=O)O)N
CS-1057-AC,X23,CNCC(=O)O
CS-1113-AC,X24,C[N+](C)(C)[O-]
CS-1143-AC,X25,C(=N)(N)O
CS-1913-AC,X26,C/C(=N/O)/O
CS-3320-AC,X27,c1cc(oc1)CN
CS-3530-AC,X28,C(=N)(NO)O
CS-3970-AC,X29,CON
CS-5008-AC,X2A,C(=N)(NN)O
CS-5439-AC,X2B,CCOC(=O)N
CS-5735-AC,X2C,C[C@@H](C(=O)O)N
CS-5894-AC,X2D,CN(C)N=O
CS-5993-AC,X2E,CN(C)C=O
CS-6110-AC,X2F,C=NO
CS-6135-AC,X2G,C[N+](=O)[O-]
CS-6330-AC,X2H,CCC(=O)N
CS-6331-AC,X2I,C=CC(=O)N
CS-6332-AC,X2J,C(C(=O)N)Cl
CS-6334-AC,X2K,CC(=O)NC
CS-6338-AC,X2L,CC[N+](=O)[O-]
CS-7021-AC,X2M,CNC(=O)NC
CS-7610-AC,X2N,C(C<HASH>N)C(=O)N
CS-7683-AC,X2O,c1cc(cnc1)O
CS-7720-AC,X2P,C(CO)C<HASH>N
CS-8142-AC,X2Q,C1CNC(=O)N1
CS-8537-AC,X2R,c1ccnc(c1)O
CS-8733-AC,X2S,C(CN)CO
CS-8897-AC,X2T,c1cnoc1
CS-8898-AC,X2U,c1cocn1
CS-8953-AC,X2V,Cc1cc(on1)C
CS-9357-AC,X2W,C(C<HASH>N)C(=O)O
CS-10471-AC,X2X,C1=CC(=O)N=C1O
CS-10955-AC,X2Y,O=C1CCC(=O)N1
CS-11227-AC,X2Z,CNC(=N)O
CS-11244-AC,X30,CN(C)C(=O)N
CS-11530-AC,X31,C1CC(=NC1)O
CS-11727-AC,X32,CN=C=O
CS-11787-AC,X33,c1cnccc1O
CS-4945-AC,X34,CC(CO)N
CS-12139-AC,X35,C(=N)(N)NN=O
CS-12144-AC,X36,C1CCN=C(C1)O
CS-12229-AC,X37,c1cc[n+](cc1)[O-]
CS-12814-AC,X38,CN1CCCC1=O
CS-13254-AC,X39,c1cc([nH]c1)C=O
CS-13420-AC,X3A,C/C(=N/N)/O
CS-16629-AC,X3B,CN(C)C(=O)C=C
CS-19489-AC,X3C,c1cncnc1O
CS-20788-AC,X3D,CCC(CO)N
CS-23329-AC,X3E,c1cnc([nH]1)C=O
CS-28994-AC,X3F,CNC=O
CS-29107-AC,X3G,CC(=O)N(C)C
CS-61461-AC,X3H,c1cc(=O)[nH]nc1
CS-61465-AC,X3I,C1COC=N1
CS-61686-AC,X3J,c1cnc(nc1)O
CS-61707-AC,X3K,CC(C)C(=O)N
CS-62242-AC,X3L,C(C(=N)O)N
CS-64234-AC,X3M,C[C@H](C(=O)O)N
CS-65596-AC,X3N,c1cnc(cn1)O
CS-66578-AC,X3O,C(=O)(NN)NN
CS-66579-AC,X3P,C1COC(=N1)O
CS-68900-AC,X3Q,c1c(nc[nH]1)C=O
CS-72545-AC,X3R,C[C@@H](CO)N
CS-13835336-AC,X3S,C(CO)N
CS-13854944-AC,X3T,CN(C)CCO
CS-13837537-AC,X3U,C1COCCN1
CS-13836021-AC,X3V,CNCCO
CS-13835861-AC,X3W,CC(C)(CO)N
CS-10309795-AC,X3X,c1cn[nH]c1C=O
CS-8373112-AC,X3Y,C1=CON=N1
CS-8009726-AC,X3Z,[O-]\[N+](=N/C)CO
CS-4481813-AC,X40,C/C=N/O
CS-311940-AC,X41,c1cn[nH]c1O
CS-283071-AC,X42,Cc1cc(n[nH]1)O
CS-161778-AC,X43,c1coc(=O)[nH]1
CS-110510-AC,X44,C=C(C(=O)O)N
CS-86862-AC,X45,c1c([nH]nc1O)N
CS-66243-AC,X46,C(C(CO)O)N
CS-65711-AC,X47,CS(=O)(=O)N
CS-59559-AC,X48,Cc1cc(no1)N
CS-55104-AC,X49,C(C(CN)O)N
CS-13867413-AC,X4A,COC(=O)CC<HASH>N
CS-61591-AC,X4B,C(C(CO)N)O
CS-30663-AC,X4C,C/N=[N+](\C)/[O-]
CAFF-AC,X4D,Cn1cnc2n(C)c(=O)n(C)c(=O)c12
Water,X4E,O
WaterUCD,X4F,O
METHANAL-AC,X4G,C=O
THEOBROMINE-AC,X4H,Cn1cnc2c1c(=O)[nH]c(=O)n2C
BENZENE-AC,X4I,c1ccccc1
FURAN-AC,X4J,c1ccoc1
PYRROLE-AC,X4K,[nH]1cccc1
CHOL-JS,X4L,C[N+](C)(C)CCO
BGALNA-JS,X4M,CC(=O)NC1C(O)OC(CO)C(O)C1O
CHOL-AC,X4N,C[N+](C)(C)CCO
BGALNA-AC,X4O,CC(=O)NC1C(O)OC(CO)C(O)C1O
PENTANE,X4P,CCCCC
CYTOSINE,X4Q,O=C1Nccc(N)n1
GUANINEKETO,X4R,C1=NC2=C(N1)C(=O)NC(=N2)N
ADENINE,X4S,Nc1c2ncNc2ncn1
THYMINE,X4T,O=C1NC(=O)NC=C1C
URACILLACTAM,X4U,O=C1C=CNC(=O)N1
ATRAZINE-AC,X4V,Clc1nc(nc(n1)NC(C)C)NCC
HUMICACID-NEUTRAL-AC,X4W,OC(=O)[C@]1(N(=O)=O)[C@H]2C[C@@H]([C@H]1C(=O)O)C=C2
HUMICACID-ANION-AC,X4X,[O-]C(=O)[C@]1(N(=O)=O)[C@H]2C[C@@H]([C@H]1C(=O)[O-])C=C2
TANNIC-ARM-NEUTRAL-AC,X4Y,C(=O)(c1cc(c(c(c1)O)O)O)O
TANNIC-ARM-ANION-AC,X4Z,c1c(c(c(cc1C(=O)[O-])O)O)O
TANNIC-CENTRAL-AC,X50,C([C@@H]1[C@H]([C@@H]([C@H]([C@H](O)O1)O)O)O)O
ALANINEZWITTER,X51,C[C@@H](C(=O)[O-])[NH3+]
SERINEZWITTER,X52,C([C@@H](C(=O)[O-])[NH3+])O
HISTIDINEZWITTER,X53,O=C([C@H](CC1=CNC=N1)[NH3+])[O-]
BSAI1,X54,c1ccc(cc1)Cl
BSAI2,X55,CCc1ccccc1
BSAI3,X56,Cc1ccc(cc1)C
BSAI4,X57,c1ccc(cc1)Br
BSAI5,X58,CCCc1ccccc1
BSAI6,X59,Cc1ccc(cc1)Cl
BSAI7,X5A,c1ccc(cc1)O
BSAI8,X5B,c1ccc(cc1)C<HASH>N
BSAI9,X5C,c1cc(ccc1O)F
BSAI10,X5D,c1ccc(cc1)CO
BSAI11,X5E,c1ccc(cc1)I
BSAI12,X5F,CC(=O)c1ccccc1
BSAI13,X5G,Cc1cccc(c1)O
BSAI14,X5H,COC(=O)c1ccccc1
BSAI15,X5I,COc1ccc(cc1)Cl
BSAI16,X5J,c1ccc(cc1)CCO
BSAI17,X5K,Cc1cccc(c1)CO
BSAI18,X5L,CCc1ccc(cc1)O
BSAI19,X5M,Cc1cc(cc(c1)O)C
BSAI20,X5N,CCOC(=O)c1ccccc1
BSAI21,X5O,Cc1ccccc1C(=O)OC
BSAI22,X5P,c1ccc2ccccc2c1
BSAI23,X5Q,c1cc(cc(c1)Cl)O
BSAI24,X5R,Cc1ccc(cc1)[N+](=O)[O-]
BSAI25,X5S,CC(=O)c1ccc(cc1)Cl
BSAI26,X5T,c1cc(cc(c1)Br)O
BSAI27,X5U,Cc1cccc2c1cccc2
BSAI28,X5V,c1ccc(cc1)c2ccccc2
BSAIV1,X5W,c1ccc(c(c1)O)Cl
BSAIV2,X5X,c1ccc(c(c1)Cl)Cl
BSAIV3,X5Y,c1cc(cc(c1)Cl)Cl
BSAIV4,X5Z,c1cc(ccc1Cl)Cl
BSAIV5,X60,C(C(Cl)(Cl)Cl)(Cl)(Cl)Cl
BSAIV6,X61,c1ccc(cc1)[N+](=O)[O-]
BSAIV7,X62,CC1=CC(=O)CC(C1)(C)C
BSAIV8,X63,c1cc(c(cc1Cl)Cl)O
BSAIV9,X64,c1cc(c(cc1Cl)Cl)Cl
BSAIV10,X65,c1ccc2cc(ccc2c1)Cl
BSAIV11,X66,Cc1ccc(cc1[N+](=O)[O-])[N+](=O)[O-]
BSAIV12,X67,c1ccc(cc1)/N=N/c2ccccc2
ALA-AC,X68,C[C@@H](C(=O)O)N
ASN-AC,X69,O=C(N)C[C@H](N)C(=O)O
CYS-AC,X6A,C([C@@H](C(=O)O)N)S
GLN-AC,X6B,O=C(N)CCC(N)C(=O)O
ILE-AC,X6C,CC[C@H](C)[C@@H](C(=O)O)N
LEU-AC,X6D,CC(C)C[C@@H](C(=O)O)N
MET-AC,X6E,CSCC[C@H](N)C(=O)O
PHE-AC,X6F,c1ccc(cc1)C[C@@H](C(=O)O)N
SER-AC,X6G,C([C@@H](C(=O)O)N)O
THR-AC,X6H,C[C@H]([C@@H](C(=O)O)N)O
TRP-AC,X6I,c1[nH]c2ccccc2c1C[C@H](N)C(=O)O
TYR-AC,X6J,N[C@@H](Cc1ccc(O)cc1)C(O)=O
VAL-AC,X6K,CC(C)[C@@H](C(=O)O)N
ARG-AC,X6L,NC(=[NH2+])NCCC[C@H](N)C(=O)O
ASP-AC,X6M,N[C@@H](CC(=O)[O-])C(=O)O
HID-AC,X6N,N[C@@H](Cc1cnc[nH]1)C(=O)O
HIE-AC,X6O,N[C@@H](Cc1c[nH]cn1)C(=O)O
GLU-AC,X6P,N[C@@H](CCC(=O)[O-])C(=O)O
LYS-AC,X6Q,N[C@@H](CCCC[NH3+])C(=O)O
